"mcccityname1","date","cases"
"Kuwait",2020-01-22,0
"Singapore",2020-01-22,0
"Kuwait",2020-01-23,0
"Singapore",2020-01-23,1
"Kuwait",2020-01-24,0
"Singapore",2020-01-24,3
"Kuwait",2020-01-25,0
"Singapore",2020-01-25,3
"Kuwait",2020-01-26,0
"Singapore",2020-01-26,4
"Kuwait",2020-01-27,0
"Singapore",2020-01-27,5
"Kuwait",2020-01-28,0
"Singapore",2020-01-28,7
"Kuwait",2020-01-29,0
"Singapore",2020-01-29,7
"Kuwait",2020-01-30,0
"Singapore",2020-01-30,10
"Kuwait",2020-01-31,0
"Singapore",2020-01-31,13
"Kuwait",2020-02-01,0
"Singapore",2020-02-01,16
"Kuwait",2020-02-02,0
"Singapore",2020-02-02,18
"Kuwait",2020-02-03,0
"Singapore",2020-02-03,18
"Kuwait",2020-02-04,0
"Singapore",2020-02-04,24
"Kuwait",2020-02-05,0
"Singapore",2020-02-05,28
"Kuwait",2020-02-06,0
"Singapore",2020-02-06,28
"Kuwait",2020-02-07,0
"Singapore",2020-02-07,30
"Kuwait",2020-02-08,0
"Singapore",2020-02-08,33
"Kuwait",2020-02-09,0
"Singapore",2020-02-09,40
"Kuwait",2020-02-10,0
"Singapore",2020-02-10,45
"Kuwait",2020-02-11,0
"Singapore",2020-02-11,47
"Kuwait",2020-02-12,0
"Singapore",2020-02-12,50
"Kuwait",2020-02-13,0
"Singapore",2020-02-13,58
"Kuwait",2020-02-14,0
"Singapore",2020-02-14,67
"Kuwait",2020-02-15,0
"Singapore",2020-02-15,72
"Kuwait",2020-02-16,0
"Singapore",2020-02-16,75
"Kuwait",2020-02-17,0
"Singapore",2020-02-17,77
"Kuwait",2020-02-18,0
"Singapore",2020-02-18,81
"Kuwait",2020-02-19,0
"Singapore",2020-02-19,84
"Kuwait",2020-02-20,0
"Singapore",2020-02-20,84
"Kuwait",2020-02-21,0
"Singapore",2020-02-21,85
"Kuwait",2020-02-22,0
"Singapore",2020-02-22,85
"Kuwait",2020-02-23,0
"Singapore",2020-02-23,89
"Kuwait",2020-02-24,1
"Singapore",2020-02-24,89
"Kuwait",2020-02-25,11
"Singapore",2020-02-25,91
"Kuwait",2020-02-26,26
"Singapore",2020-02-26,93
"Kuwait",2020-02-27,43
"Singapore",2020-02-27,93
"Kuwait",2020-02-28,45
"Singapore",2020-02-28,93
"Kuwait",2020-02-29,45
"Singapore",2020-02-29,102
"Kuwait",2020-03-01,45
"Singapore",2020-03-01,106
"Kuwait",2020-03-02,56
"Singapore",2020-03-02,108
"Kuwait",2020-03-03,56
"Singapore",2020-03-03,110
"Kuwait",2020-03-04,56
"Singapore",2020-03-04,110
"Kuwait",2020-03-05,58
"Singapore",2020-03-05,117
"Kuwait",2020-03-06,58
"Singapore",2020-03-06,130
"Kuwait",2020-03-07,61
"Singapore",2020-03-07,138
"Kuwait",2020-03-08,64
"Singapore",2020-03-08,150
"Kuwait",2020-03-09,64
"Singapore",2020-03-09,150
"Kuwait",2020-03-10,69
"Singapore",2020-03-10,160
"Kuwait",2020-03-11,72
"Singapore",2020-03-11,178
"Kuwait",2020-03-12,80
"Singapore",2020-03-12,178
"Kuwait",2020-03-13,80
"Singapore",2020-03-13,200
"Kuwait",2020-03-14,104
"Singapore",2020-03-14,212
"Kuwait",2020-03-15,112
"Singapore",2020-03-15,226
"Kuwait",2020-03-16,123
"Singapore",2020-03-16,243
"Kuwait",2020-03-17,130
"Singapore",2020-03-17,266
"Kuwait",2020-03-18,142
"Singapore",2020-03-18,313
"Kuwait",2020-03-19,148
"Singapore",2020-03-19,345
"Kuwait",2020-03-20,159
"Singapore",2020-03-20,385
"Kuwait",2020-03-21,176
"Singapore",2020-03-21,432
"Kuwait",2020-03-22,188
"Singapore",2020-03-22,455
"Kuwait",2020-03-23,189
"Singapore",2020-03-23,509
"Kuwait",2020-03-24,191
"Singapore",2020-03-24,558
"Kuwait",2020-03-25,195
"Singapore",2020-03-25,631
"Kuwait",2020-03-26,208
"Singapore",2020-03-26,683
"Kuwait",2020-03-27,225
"Singapore",2020-03-27,732
"Kuwait",2020-03-28,235
"Singapore",2020-03-28,802
"Kuwait",2020-03-29,255
"Singapore",2020-03-29,844
"Kuwait",2020-03-30,266
"Singapore",2020-03-30,879
"Kuwait",2020-03-31,289
"Singapore",2020-03-31,926
"Kuwait",2020-04-01,317
"Singapore",2020-04-01,1000
"Kuwait",2020-04-02,342
"Singapore",2020-04-02,1049
"Kuwait",2020-04-03,417
"Singapore",2020-04-03,1114
"Kuwait",2020-04-04,479
"Singapore",2020-04-04,1189
"Kuwait",2020-04-05,556
"Singapore",2020-04-05,1309
"Kuwait",2020-04-06,665
"Singapore",2020-04-06,1375
"Kuwait",2020-04-07,743
"Singapore",2020-04-07,1481
"Kuwait",2020-04-08,855
"Singapore",2020-04-08,1623
"Kuwait",2020-04-09,910
"Singapore",2020-04-09,1910
"Kuwait",2020-04-10,993
"Singapore",2020-04-10,2108
"Kuwait",2020-04-11,1154
"Singapore",2020-04-11,2299
"Kuwait",2020-04-12,1234
"Singapore",2020-04-12,2532
"Kuwait",2020-04-13,1300
"Singapore",2020-04-13,2918
"Kuwait",2020-04-14,1355
"Singapore",2020-04-14,3252
"Kuwait",2020-04-15,1405
"Singapore",2020-04-15,3699
"Kuwait",2020-04-16,1524
"Singapore",2020-04-16,4427
"Kuwait",2020-04-17,1658
"Singapore",2020-04-17,5050
"Kuwait",2020-04-18,1751
"Singapore",2020-04-18,5992
"Kuwait",2020-04-19,1915
"Singapore",2020-04-19,6588
"Kuwait",2020-04-20,1995
"Singapore",2020-04-20,8014
"Kuwait",2020-04-21,2080
"Singapore",2020-04-21,9125
"Kuwait",2020-04-22,2248
"Singapore",2020-04-22,10141
"Kuwait",2020-04-23,2399
"Singapore",2020-04-23,11178
"Kuwait",2020-04-24,2614
"Singapore",2020-04-24,12075
"Kuwait",2020-04-25,2892
"Singapore",2020-04-25,12693
"Kuwait",2020-04-26,3075
"Singapore",2020-04-26,13624
"Kuwait",2020-04-27,3288
"Singapore",2020-04-27,14423
"Kuwait",2020-04-28,3440
"Singapore",2020-04-28,14951
"Kuwait",2020-04-29,3740
"Singapore",2020-04-29,15641
"Kuwait",2020-04-30,4024
"Singapore",2020-04-30,16169
"Kuwait",2020-05-01,4377
"Singapore",2020-05-01,17101
"Kuwait",2020-05-02,4619
"Singapore",2020-05-02,17548
"Kuwait",2020-05-03,4983
"Singapore",2020-05-03,18205
"Kuwait",2020-05-04,5278
"Singapore",2020-05-04,18778
"Kuwait",2020-05-05,5804
"Singapore",2020-05-05,19410
"Kuwait",2020-05-06,6289
"Singapore",2020-05-06,20198
"Kuwait",2020-05-07,6567
"Singapore",2020-05-07,20939
"Kuwait",2020-05-08,7208
"Singapore",2020-05-08,21707
"Kuwait",2020-05-09,7623
"Singapore",2020-05-09,22460
"Kuwait",2020-05-10,8688
"Singapore",2020-05-10,23336
"Kuwait",2020-05-11,9286
"Singapore",2020-05-11,23822
"Kuwait",2020-05-12,10277
"Singapore",2020-05-12,24671
"Kuwait",2020-05-13,11028
"Singapore",2020-05-13,25346
"Kuwait",2020-05-14,11975
"Singapore",2020-05-14,26098
"Kuwait",2020-05-15,12860
"Singapore",2020-05-15,26891
"Kuwait",2020-05-16,13802
"Singapore",2020-05-16,27356
"Kuwait",2020-05-17,14850
"Singapore",2020-05-17,28038
"Kuwait",2020-05-18,15691
"Singapore",2020-05-18,28343
"Kuwait",2020-05-19,16764
"Singapore",2020-05-19,28794
"Kuwait",2020-05-20,17568
"Singapore",2020-05-20,29364
"Kuwait",2020-05-21,18609
"Singapore",2020-05-21,29812
"Kuwait",2020-05-22,19564
"Singapore",2020-05-22,30426
"Kuwait",2020-05-23,20464
"Singapore",2020-05-23,31068
"Kuwait",2020-05-24,21302
"Singapore",2020-05-24,31616
"Kuwait",2020-05-25,21967
"Singapore",2020-05-25,31960
"Kuwait",2020-05-26,22575
"Singapore",2020-05-26,32343
"Kuwait",2020-05-27,23267
"Singapore",2020-05-27,32876
"Kuwait",2020-05-28,24112
"Singapore",2020-05-28,33249
"Kuwait",2020-05-29,25184
"Singapore",2020-05-29,33860
"Kuwait",2020-05-30,26192
"Singapore",2020-05-30,34366
"Kuwait",2020-05-31,27043
"Singapore",2020-05-31,34884
"Kuwait",2020-06-01,27762
"Singapore",2020-06-01,35292
"Kuwait",2020-06-02,28649
"Singapore",2020-06-02,35836
"Kuwait",2020-06-03,29359
"Singapore",2020-06-03,36405
"Kuwait",2020-06-04,29921
"Singapore",2020-06-04,36922
"Kuwait",2020-06-05,30644
"Singapore",2020-06-05,37183
"Kuwait",2020-06-06,31131
"Singapore",2020-06-06,37527
"Kuwait",2020-06-07,31848
"Singapore",2020-06-07,37910
"Kuwait",2020-06-08,32510
"Singapore",2020-06-08,38296
"Kuwait",2020-06-09,33140
"Singapore",2020-06-09,38514
"Kuwait",2020-06-10,33823
"Singapore",2020-06-10,38965
"Kuwait",2020-06-11,34432
"Singapore",2020-06-11,39387
"Kuwait",2020-06-12,34952
"Singapore",2020-06-12,39850
"Kuwait",2020-06-13,35466
"Singapore",2020-06-13,40197
"Kuwait",2020-06-14,35920
"Singapore",2020-06-14,40604
"Kuwait",2020-06-15,36431
"Singapore",2020-06-15,40818
"Kuwait",2020-06-16,36958
"Singapore",2020-06-16,40969
"Kuwait",2020-06-17,37533
"Singapore",2020-06-17,41216
"Kuwait",2020-06-18,38074
"Singapore",2020-06-18,41473
"Kuwait",2020-06-19,38678
"Singapore",2020-06-19,41615
"Kuwait",2020-06-20,39145
"Singapore",2020-06-20,41833
"Kuwait",2020-06-21,39650
"Singapore",2020-06-21,42095
"Kuwait",2020-06-22,40291
"Singapore",2020-06-22,42313
"Kuwait",2020-06-23,41033
"Singapore",2020-06-23,42432
"Kuwait",2020-06-24,41879
"Singapore",2020-06-24,42623
"Kuwait",2020-06-25,42788
"Singapore",2020-06-25,42736
"Kuwait",2020-06-26,43703
"Singapore",2020-06-26,42955
"Kuwait",2020-06-27,44391
"Singapore",2020-06-27,43246
"Kuwait",2020-06-28,44942
"Singapore",2020-06-28,43459
"Kuwait",2020-06-29,45524
"Singapore",2020-06-29,43661
"Kuwait",2020-06-30,46195
"Singapore",2020-06-30,43907
"Kuwait",2020-07-01,46940
"Singapore",2020-07-01,44122
"Kuwait",2020-07-02,47859
"Singapore",2020-07-02,44310
"Kuwait",2020-07-03,48672
"Singapore",2020-07-03,44479
"Kuwait",2020-07-04,49303
"Singapore",2020-07-04,44664
"Kuwait",2020-07-05,49941
"Singapore",2020-07-05,44800
"Kuwait",2020-07-06,50644
"Singapore",2020-07-06,44983
"Kuwait",2020-07-07,51245
"Singapore",2020-07-07,45140
"Kuwait",2020-07-08,52007
"Singapore",2020-07-08,45298
"Kuwait",2020-07-09,52840
"Singapore",2020-07-09,45423
"Kuwait",2020-07-10,53580
"Singapore",2020-07-10,45614
"Kuwait",2020-07-11,54058
"Singapore",2020-07-11,45783
"Kuwait",2020-07-12,54894
"Singapore",2020-07-12,45961
"Kuwait",2020-07-13,55508
"Singapore",2020-07-13,46283
"Kuwait",2020-07-14,56174
"Singapore",2020-07-14,46630
"Kuwait",2020-07-15,56877
"Singapore",2020-07-15,46878
"Kuwait",2020-07-16,57668
"Singapore",2020-07-16,47126
"Kuwait",2020-07-17,58221
"Singapore",2020-07-17,47453
"Kuwait",2020-07-18,58904
"Singapore",2020-07-18,47655
"Kuwait",2020-07-19,59204
"Singapore",2020-07-19,47912
"Kuwait",2020-07-20,59763
"Singapore",2020-07-20,48035
"Kuwait",2020-07-21,60434
"Singapore",2020-07-21,48434
"Kuwait",2020-07-22,61185
"Singapore",2020-07-22,48744
"Kuwait",2020-07-23,61872
"Singapore",2020-07-23,49098
"Kuwait",2020-07-24,62625
"Singapore",2020-07-24,49375
"Kuwait",2020-07-25,63309
"Singapore",2020-07-25,49888
"Kuwait",2020-07-26,63773
"Singapore",2020-07-26,50369
"Kuwait",2020-07-27,64379
"Singapore",2020-07-27,50838
"Kuwait",2020-07-28,65149
"Singapore",2020-07-28,51197
"Kuwait",2020-07-29,65903
"Singapore",2020-07-29,51531
"Kuwait",2020-07-30,66529
"Singapore",2020-07-30,51809
"Kuwait",2020-07-31,66957
"Singapore",2020-07-31,52205
"Kuwait",2020-08-01,67448
"Singapore",2020-08-01,52512
"Kuwait",2020-08-02,67911
"Singapore",2020-08-02,52825
"Kuwait",2020-08-03,68299
"Singapore",2020-08-03,53051
"Kuwait",2020-08-04,68774
"Singapore",2020-08-04,53346
"Kuwait",2020-08-05,69425
"Singapore",2020-08-05,54254
"Kuwait",2020-08-06,70045
"Singapore",2020-08-06,54555
"Kuwait",2020-08-07,70727
"Singapore",2020-08-07,54797
"Kuwait",2020-08-08,71199
"Singapore",2020-08-08,54929
"Kuwait",2020-08-09,71713
"Singapore",2020-08-09,55104
"Kuwait",2020-08-10,72400
"Singapore",2020-08-10,55292
"Kuwait",2020-08-11,73068
"Singapore",2020-08-11,55353
"Kuwait",2020-08-12,73785
"Singapore",2020-08-12,55395
"Kuwait",2020-08-13,74486
"Singapore",2020-08-13,55497
"Kuwait",2020-08-14,75185
"Singapore",2020-08-14,55580
"Kuwait",2020-08-15,75697
"Singapore",2020-08-15,55661
"Kuwait",2020-08-16,76205
"Singapore",2020-08-16,55747
"Kuwait",2020-08-17,76827
"Singapore",2020-08-17,55838
"Kuwait",2020-08-18,77470
"Singapore",2020-08-18,55938
"Kuwait",2020-08-19,78145
"Singapore",2020-08-19,56031
"Kuwait",2020-08-20,78767
"Singapore",2020-08-20,56099
"Kuwait",2020-08-21,79269
"Singapore",2020-08-21,56216
"Kuwait",2020-08-22,79957
"Singapore",2020-08-22,56266
"Kuwait",2020-08-23,80528
"Singapore",2020-08-23,56353
"Kuwait",2020-08-24,80960
"Singapore",2020-08-24,56404
"Kuwait",2020-08-25,81573
"Singapore",2020-08-25,56435
"Kuwait",2020-08-26,82271
"Singapore",2020-08-26,56495
"Kuwait",2020-08-27,82945
"Singapore",2020-08-27,56572
"Kuwait",2020-08-28,83578
"Singapore",2020-08-28,56666
"Kuwait",2020-08-29,84224
"Singapore",2020-08-29,56717
"Kuwait",2020-08-30,84636
"Singapore",2020-08-30,56771
"Kuwait",2020-08-31,85109
"Singapore",2020-08-31,56812
"Kuwait",2020-09-01,85811
"Singapore",2020-09-01,56852
"Kuwait",2020-09-02,86478
"Singapore",2020-09-02,56860
"Kuwait",2020-09-03,87378
"Singapore",2020-09-03,56908
"Kuwait",2020-09-04,88243
"Singapore",2020-09-04,56948
"Kuwait",2020-09-05,88963
"Singapore",2020-09-05,56982
"Kuwait",2020-09-06,89582
"Singapore",2020-09-06,57022
"Kuwait",2020-09-07,90387
"Singapore",2020-09-07,57044
"Kuwait",2020-09-08,91244
"Singapore",2020-09-08,57091
"Kuwait",2020-09-09,92082
"Singapore",2020-09-09,57166
"Kuwait",2020-09-10,92822
"Singapore",2020-09-10,57229
"Kuwait",2020-09-11,93475
"Singapore",2020-09-11,57315
"Kuwait",2020-09-12,94211
"Singapore",2020-09-12,57357
"Kuwait",2020-09-13,94764
"Singapore",2020-09-13,57406
"Kuwait",2020-09-14,95472
"Singapore",2020-09-14,57454
"Kuwait",2020-09-15,96301
"Singapore",2020-09-15,57488
"Kuwait",2020-09-16,96999
"Singapore",2020-09-16,57514
"Kuwait",2020-09-17,97824
"Singapore",2020-09-17,57532
"Kuwait",2020-09-18,98528
"Singapore",2020-09-18,57543
"Kuwait",2020-09-19,99049
"Singapore",2020-09-19,57558
"Kuwait",2020-09-20,99434
"Singapore",2020-09-20,57576
"Kuwait",2020-09-21,99964
"Singapore",2020-09-21,57606
"Kuwait",2020-09-22,100683
"Singapore",2020-09-22,57627
"Kuwait",2020-09-23,101299
"Singapore",2020-09-23,57639
"Kuwait",2020-09-24,101851
"Singapore",2020-09-24,57654
"Kuwait",2020-09-25,102441
"Singapore",2020-09-25,57665
"Kuwait",2020-09-26,103199
"Singapore",2020-09-26,57685
"Kuwait",2020-09-27,103544
"Singapore",2020-09-27,57700
"Kuwait",2020-09-28,103981
"Singapore",2020-09-28,57715
"Kuwait",2020-09-29,104568
"Singapore",2020-09-29,57742
"Kuwait",2020-09-30,105182
"Singapore",2020-09-30,57765
"Kuwait",2020-10-01,105676
"Singapore",2020-10-01,57784
"Kuwait",2020-10-02,106087
"Singapore",2020-10-02,57794
"Kuwait",2020-10-03,106458
"Singapore",2020-10-03,57800
"Kuwait",2020-10-04,107025
"Singapore",2020-10-04,57812
"Kuwait",2020-10-05,107592
"Singapore",2020-10-05,57819
"Kuwait",2020-10-06,108268
"Singapore",2020-10-06,57830
"Kuwait",2020-10-07,108743
"Singapore",2020-10-07,57840
"Kuwait",2020-10-08,109441
"Singapore",2020-10-08,57849
"Kuwait",2020-10-09,110076
"Singapore",2020-10-09,57859
"Kuwait",2020-10-10,110568
"Singapore",2020-10-10,57866
"Kuwait",2020-10-11,111116
"Singapore",2020-10-11,57876
"Kuwait",2020-10-12,111893
"Singapore",2020-10-12,57880
"Kuwait",2020-10-13,112737
"Singapore",2020-10-13,57884
"Kuwait",2020-10-14,113269
"Singapore",2020-10-14,57889
"Kuwait",2020-10-15,114015
"Singapore",2020-10-15,57892
"Kuwait",2020-10-16,114744
"Singapore",2020-10-16,57901
"Kuwait",2020-10-17,115483
"Singapore",2020-10-17,57904
"Kuwait",2020-10-18,116146
"Singapore",2020-10-18,57911
"Kuwait",2020-10-19,116832
"Singapore",2020-10-19,57915
"Kuwait",2020-10-20,117718
"Singapore",2020-10-20,57921
"Kuwait",2020-10-21,118531
"Singapore",2020-10-21,57933
"Kuwait",2020-10-22,119420
"Singapore",2020-10-22,57941
"Kuwait",2020-10-23,120232
"Singapore",2020-10-23,57951
"Kuwait",2020-10-24,120927
"Singapore",2020-10-24,57965
"Kuwait",2020-10-25,121635
"Singapore",2020-10-25,57970
"Kuwait",2020-10-26,122317
"Singapore",2020-10-26,57973
"Kuwait",2020-10-27,123092
"Singapore",2020-10-27,57980
"Kuwait",2020-10-28,123906
"Singapore",2020-10-28,57987
"Kuwait",2020-10-29,124666
"Singapore",2020-10-29,57994
"Kuwait",2020-10-30,125337
"Singapore",2020-10-30,58003
"Kuwait",2020-10-31,125926
"Singapore",2020-10-31,58015
"Kuwait",2020-11-01,126534
"Singapore",2020-11-01,58019
"Kuwait",2020-11-02,127293
"Singapore",2020-11-02,58020
"Kuwait",2020-11-03,128080
"Singapore",2020-11-03,58029
"Kuwait",2020-11-04,128843
"Singapore",2020-11-04,58036
"Kuwait",2020-11-05,129638
"Singapore",2020-11-05,58043
"Kuwait",2020-11-06,130463
"Singapore",2020-11-06,58047
"Kuwait",2020-11-07,131205
"Singapore",2020-11-07,58054
"Kuwait",2020-11-08,131743
"Singapore",2020-11-08,58056
"Kuwait",2020-11-09,132478
"Singapore",2020-11-09,58064
"Kuwait",2020-11-10,133381
"Singapore",2020-11-10,58073
"Kuwait",2020-11-11,134159
"Singapore",2020-11-11,58091
"Kuwait",2020-11-12,134932
"Singapore",2020-11-12,58102
"Kuwait",2020-11-13,135650
"Singapore",2020-11-13,58114
"Kuwait",2020-11-14,136341
"Singapore",2020-11-14,58116
"Kuwait",2020-11-15,136840
"Singapore",2020-11-15,58119
"Kuwait",2020-11-16,137329
"Singapore",2020-11-16,58124
"Kuwait",2020-11-17,137885
"Singapore",2020-11-17,58130
"Kuwait",2020-11-18,138337
"Singapore",2020-11-18,58135
"Kuwait",2020-11-19,138822
"Singapore",2020-11-19,58139
"Kuwait",2020-11-20,139308
"Singapore",2020-11-20,58143
"Kuwait",2020-11-21,139734
"Singapore",2020-11-21,58148
"Kuwait",2020-11-22,140056
"Singapore",2020-11-22,58160
"Kuwait",2020-11-23,140393
"Singapore",2020-11-23,58165
"Kuwait",2020-11-24,140795
"Singapore",2020-11-24,58183
"Kuwait",2020-11-25,141217
"Singapore",2020-11-25,58190
"Kuwait",2020-11-26,141547
"Singapore",2020-11-26,58195
"Kuwait",2020-11-27,141876
"Singapore",2020-11-27,58199
"Kuwait",2020-11-28,142195
"Singapore",2020-11-28,58205
"Kuwait",2020-11-29,142426
"Singapore",2020-11-29,58213
"Kuwait",2020-11-30,142635
"Singapore",2020-11-30,58218
"Kuwait",2020-12-01,142992
"Singapore",2020-12-01,58228
"Kuwait",2020-12-02,143260
"Singapore",2020-12-02,58230
"Kuwait",2020-12-03,143574
"Singapore",2020-12-03,58239
"Kuwait",2020-12-04,143917
"Singapore",2020-12-04,58242
"Kuwait",2020-12-05,144164
"Singapore",2020-12-05,58255
"Kuwait",2020-12-06,144369
"Singapore",2020-12-06,58260
"Kuwait",2020-12-07,144599
"Singapore",2020-12-07,58273
"Kuwait",2020-12-08,144900
"Singapore",2020-12-08,58285
"Kuwait",2020-12-09,145204
"Singapore",2020-12-09,58291
"Kuwait",2020-12-10,145495
"Singapore",2020-12-10,58297
"Kuwait",2020-12-11,145789
"Singapore",2020-12-11,58305
"Kuwait",2020-12-12,146044
"Singapore",2020-12-12,58313
"Kuwait",2020-12-13,146218
"Singapore",2020-12-13,58320
"Kuwait",2020-12-14,146449
"Singapore",2020-12-14,58325
"Kuwait",2020-12-15,146710
"Singapore",2020-12-15,58341
"Kuwait",2020-12-16,146971
"Singapore",2020-12-16,58353
"Kuwait",2020-12-17,147192
"Singapore",2020-12-17,58377
"Kuwait",2020-12-18,147531
"Singapore",2020-12-18,58386
"Kuwait",2020-12-19,147775
"Singapore",2020-12-19,58403
"Kuwait",2020-12-20,147979
"Singapore",2020-12-20,58422
"Kuwait",2020-12-21,148209
"Singapore",2020-12-21,58432
"Kuwait",2020-12-22,148507
"Singapore",2020-12-22,58461
"Kuwait",2020-12-23,148773
"Singapore",2020-12-23,58482
"Kuwait",2020-12-24,149017
"Singapore",2020-12-24,58495
"Kuwait",2020-12-25,149277
"Singapore",2020-12-25,58509
"Kuwait",2020-12-26,149449
"Singapore",2020-12-26,58519
"Kuwait",2020-12-27,149653
"Singapore",2020-12-27,58524
"Kuwait",2020-12-28,149857
"Singapore",2020-12-28,58529
"Kuwait",2020-12-29,150093
"Singapore",2020-12-29,58542
"Kuwait",2020-12-30,150298
"Singapore",2020-12-30,58569
"Kuwait",2020-12-31,150584
"Singapore",2020-12-31,58599
"Kuwait",2021-01-01,150869
"Singapore",2021-01-01,58629
"Kuwait",2021-01-02,151074
"Singapore",2021-01-02,58662
"Kuwait",2021-01-03,151343
"Singapore",2021-01-03,58697
"Kuwait",2021-01-04,151715
"Singapore",2021-01-04,58721
"Kuwait",2021-01-05,152027
"Singapore",2021-01-05,58749
"Kuwait",2021-01-06,152438
"Singapore",2021-01-06,58780
"Kuwait",2021-01-07,152978
"Singapore",2021-01-07,58813
"Kuwait",2021-01-08,153473
"Singapore",2021-01-08,58836
"Kuwait",2021-01-09,153900
"Singapore",2021-01-09,58865
"Kuwait",2021-01-10,154314
"Singapore",2021-01-10,58907
"Kuwait",2021-01-11,154841
"Singapore",2021-01-11,58929
"Kuwait",2021-01-12,155335
"Singapore",2021-01-12,58946
"Kuwait",2021-01-13,155874
"Singapore",2021-01-13,58984
"Kuwait",2021-01-14,156434
"Singapore",2021-01-14,59029
"Kuwait",2021-01-15,156964
"Singapore",2021-01-15,59059
"Kuwait",2021-01-16,157399
"Singapore",2021-01-16,59083
"Kuwait",2021-01-17,157777
"Singapore",2021-01-17,59113
"Kuwait",2021-01-18,158244
"Singapore",2021-01-18,59127
"Kuwait",2021-01-19,158822
"Singapore",2021-01-19,59157
"Kuwait",2021-01-20,159264
"Singapore",2021-01-20,59197
"Kuwait",2021-01-21,159834
"Singapore",2021-01-21,59235
"Kuwait",2021-01-22,160367
"Singapore",2021-01-22,59250
"Kuwait",2021-01-23,160901
"Singapore",2021-01-23,59260
"Kuwait",2021-01-24,161285
"Singapore",2021-01-24,59308
"Kuwait",2021-01-25,161777
"Singapore",2021-01-25,59352
"Kuwait",2021-01-26,162282
"Singapore",2021-01-26,59366
"Kuwait",2021-01-27,162862
"Singapore",2021-01-27,59391
"Kuwait",2021-01-28,163450
"Singapore",2021-01-28,59425
"Kuwait",2021-01-29,164108
"Singapore",2021-01-29,59449
"Kuwait",2021-01-30,164622
"Singapore",2021-01-30,59507
"Kuwait",2021-01-31,165257
"Singapore",2021-01-31,59536
"Kuwait",2021-02-01,165843
"Singapore",2021-02-01,59565
"Kuwait",2021-02-02,166654
"Singapore",2021-02-02,59584
"Kuwait",2021-02-03,167410
"Singapore",2021-02-03,59602
"Kuwait",2021-02-04,168250
"Singapore",2021-02-04,59624
"Kuwait",2021-02-05,169190
"Singapore",2021-02-05,59649
"Kuwait",2021-02-06,170036
"Singapore",2021-02-06,59675
"Kuwait",2021-02-07,170998
"Singapore",2021-02-07,59699
"Kuwait",2021-02-08,171994
"Singapore",2021-02-08,59721
"Kuwait",2021-02-09,172996
"Singapore",2021-02-09,59732
"Kuwait",2021-02-10,173983
"Singapore",2021-02-10,59747
"Kuwait",2021-02-11,175031
"Singapore",2021-02-11,59759
"Kuwait",2021-02-12,176052
"Singapore",2021-02-12,59777
"Kuwait",2021-02-13,176903
"Singapore",2021-02-13,59786
"Kuwait",2021-02-14,177701
"Singapore",2021-02-14,59800
"Kuwait",2021-02-15,178524
"Singapore",2021-02-15,59809
"Kuwait",2021-02-16,179488
"Singapore",2021-02-16,59810
"Kuwait",2021-02-17,180505
"Singapore",2021-02-17,59821
"Kuwait",2021-02-18,181484
"Singapore",2021-02-18,59832
"Kuwait",2021-02-19,182460
"Singapore",2021-02-19,59846
"Kuwait",2021-02-20,183322
"Singapore",2021-02-20,59858
"Kuwait",2021-02-21,184090
"Singapore",2021-02-21,59869
"Kuwait",2021-02-22,184989
"Singapore",2021-02-22,59879
"Kuwait",2021-02-23,186004
"Singapore",2021-02-23,59883
"Kuwait",2021-02-24,187005
"Singapore",2021-02-24,59890
"Kuwait",2021-02-25,188024
"Singapore",2021-02-25,59900
"Kuwait",2021-02-26,189046
"Singapore",2021-02-26,59913
"Kuwait",2021-02-27,189890
"Singapore",2021-02-27,59925
"Kuwait",2021-02-28,190852
"Singapore",2021-02-28,59936
"Kuwait",2021-03-01,192031
"Singapore",2021-03-01,59948
"Kuwait",2021-03-02,193372
"Singapore",2021-03-02,59956
"Kuwait",2021-03-03,194781
"Singapore",2021-03-03,59979
"Kuwait",2021-03-04,196497
"Singapore",2021-03-04,59998
"Kuwait",2021-03-05,198110
"Singapore",2021-03-05,60007
"Kuwait",2021-03-06,199428
"Singapore",2021-03-06,60020
"Kuwait",2021-03-07,200572
"Singapore",2021-03-07,60033
"Kuwait",2021-03-08,201898
"Singapore",2021-03-08,60046
"Kuwait",2021-03-09,203055
"Singapore",2021-03-09,60052
"Kuwait",2021-03-10,204388
"Singapore",2021-03-10,60062
"Kuwait",2021-03-11,205893
"Singapore",2021-03-11,60070
"Kuwait",2021-03-12,207249
"Singapore",2021-03-12,60080
"Kuwait",2021-03-13,208460
"Singapore",2021-03-13,60088
"Kuwait",2021-03-14,209523
"Singapore",2021-03-14,60105
"Kuwait",2021-03-15,210855
"Singapore",2021-03-15,60117
"Kuwait",2021-03-16,212169
"Singapore",2021-03-16,60128
"Kuwait",2021-03-17,213673
"Singapore",2021-03-17,60137
"Kuwait",2021-03-18,215067
"Singapore",2021-03-18,60152
"Kuwait",2021-03-19,216586
"Singapore",2021-03-19,60167
"Kuwait",2021-03-20,217933
"Singapore",2021-03-20,60184
"Kuwait",2021-03-21,219125
"Singapore",2021-03-21,60196
"Kuwait",2021-03-22,220455
"Singapore",2021-03-22,60208
"Kuwait",2021-03-23,221743
"Singapore",2021-03-23,60221
"Kuwait",2021-03-24,223042
"Singapore",2021-03-24,60236
"Kuwait",2021-03-25,224432
"Singapore",2021-03-25,60253
"Kuwait",2021-03-26,225980
"Singapore",2021-03-26,60265
"Kuwait",2021-03-27,227178
"Singapore",2021-03-27,60288
"Kuwait",2021-03-28,228299
"Singapore",2021-03-28,60300
"Kuwait",2021-03-29,229550
"Singapore",2021-03-29,60321
"Kuwait",2021-03-30,230821
"Singapore",2021-03-30,60347
"Kuwait",2021-03-31,232103
"Singapore",2021-03-31,60381
"Kuwait",2021-04-01,233521
"Singapore",2021-04-01,60407
"Kuwait",2021-04-02,234754
"Singapore",2021-04-02,60450
"Kuwait",2021-04-03,235989
"Singapore",2021-04-03,60468
"Kuwait",2021-04-04,237192
"Singapore",2021-04-04,60478
"Kuwait",2021-04-05,238549
"Singapore",2021-04-05,60495
"Kuwait",2021-04-06,239952
"Singapore",2021-04-06,60519
"Kuwait",2021-04-07,241469
"Singapore",2021-04-07,60554
"Kuwait",2021-04-08,242848
"Singapore",2021-04-08,60575
"Kuwait",2021-04-09,244325
"Singapore",2021-04-09,60601
"Kuwait",2021-04-10,245704
"Singapore",2021-04-10,60633
"Kuwait",2021-04-11,247094
"Singapore",2021-04-11,60653
"Kuwait",2021-04-12,248729
"Singapore",2021-04-12,60678
"Kuwait",2021-04-13,250273
"Singapore",2021-04-13,60692
"Kuwait",2021-04-14,251675
"Singapore",2021-04-14,60719
"Kuwait",2021-04-15,253066
"Singapore",2021-04-15,60735
"Kuwait",2021-04-16,254472
"Singapore",2021-04-16,60769
"Kuwait",2021-04-17,255860
"Singapore",2021-04-17,60808
"Kuwait",2021-04-18,256987
"Singapore",2021-04-18,60831
"Kuwait",2021-04-19,258497
"Singapore",2021-04-19,60851
"Kuwait",2021-04-20,259868
"Singapore",2021-04-20,60865
"Kuwait",2021-04-21,261307
"Singapore",2021-04-21,60880
"Kuwait",2021-04-22,262766
"Singapore",2021-04-22,60904
"Kuwait",2021-04-23,264198
"Singapore",2021-04-23,60943
"Kuwait",2021-04-24,265404
"Singapore",2021-04-24,60966
"Kuwait",2021-04-25,266949
"Singapore",2021-04-25,61006
"Kuwait",2021-04-26,268235
"Singapore",2021-04-26,61051
"Kuwait",2021-04-27,269681
"Singapore",2021-04-27,61063
"Kuwait",2021-04-28,271145
"Singapore",2021-04-28,61086
"Kuwait",2021-04-29,272562
"Singapore",2021-04-29,61121
"Kuwait",2021-04-30,273991
"Singapore",2021-04-30,61145
"Kuwait",2021-05-01,275270
"Singapore",2021-05-01,61179
"Kuwait",2021-05-02,276586
"Singapore",2021-05-02,61218
"Kuwait",2021-05-03,277832
"Singapore",2021-05-03,61235
"Kuwait",2021-05-04,279085
"Singapore",2021-05-04,61252
"Kuwait",2021-05-05,280536
"Singapore",2021-05-05,61268
"Kuwait",2021-05-06,281772
"Singapore",2021-05-06,61286
"Kuwait",2021-05-07,282981
"Singapore",2021-05-07,61311
"Kuwait",2021-05-08,284076
"Singapore",2021-05-08,61331
"Kuwait",2021-05-09,285068
"Singapore",2021-05-09,61359
"Kuwait",2021-05-10,286046
"Singapore",2021-05-10,61378
"Kuwait",2021-05-11,287199
"Singapore",2021-05-11,61403
"Kuwait",2021-05-12,288184
"Singapore",2021-05-12,61419
"Kuwait",2021-05-13,289243
"Singapore",2021-05-13,61453
"Kuwait",2021-05-14,290006
"Singapore",2021-05-14,61505
"Kuwait",2021-05-15,290801
"Singapore",2021-05-15,61536
"Kuwait",2021-05-16,291629
"Singapore",2021-05-16,61585
"Kuwait",2021-05-17,292490
"Singapore",2021-05-17,61613
"Kuwait",2021-05-18,293574
"Singapore",2021-05-18,61651
"Kuwait",2021-05-19,294693
"Singapore",2021-05-19,61689
"Kuwait",2021-05-20,295861
"Singapore",2021-05-20,61730
"Kuwait",2021-05-21,297206
"Singapore",2021-05-21,61770
"Kuwait",2021-05-22,298223
"Singapore",2021-05-22,61799
"Kuwait",2021-05-23,299215
"Singapore",2021-05-23,61824
"Kuwait",2021-05-24,300455
"Singapore",2021-05-24,61860
"Kuwait",2021-05-25,301863
"Singapore",2021-05-25,61890
"Kuwait",2021-05-26,303039
"Singapore",2021-05-26,61916
"Kuwait",2021-05-27,304199
"Singapore",2021-05-27,61940
"Kuwait",2021-05-28,305583
"Singapore",2021-05-28,61970
"Kuwait",2021-05-29,306717
"Singapore",2021-05-29,62003
"Kuwait",2021-05-30,307812
"Singapore",2021-05-30,62028
"Kuwait",2021-05-31,309222
"Singapore",2021-05-31,62051
"Kuwait",2021-06-01,310501
"Singapore",2021-06-01,62069
"Kuwait",2021-06-02,311846
"Singapore",2021-06-02,62100
"Kuwait",2021-06-03,313289
"Singapore",2021-06-03,62145
"Kuwait",2021-06-04,314569
"Singapore",2021-06-04,62158
"Kuwait",2021-06-05,315900
"Singapore",2021-06-05,62176
"Kuwait",2021-06-06,317197
"Singapore",2021-06-06,62196
"Kuwait",2021-06-07,318676
"Singapore",2021-06-07,62210
"Kuwait",2021-06-08,320257
"Singapore",2021-06-08,62219
"Kuwait",2021-06-09,321648
"Singapore",2021-06-09,62223
"Kuwait",2021-06-10,323357
"Singapore",2021-06-10,62236
"Kuwait",2021-06-11,325014
"Singapore",2021-06-11,62245
"Kuwait",2021-06-12,326451
"Singapore",2021-06-12,62263
"Kuwait",2021-06-13,327963
"Singapore",2021-06-13,62276
"Kuwait",2021-06-14,329526
"Singapore",2021-06-14,62301
"Kuwait",2021-06-15,331013
"Singapore",2021-06-15,62315
"Kuwait",2021-06-16,332570
"Singapore",2021-06-16,62339
"Kuwait",2021-06-17,334216
"Singapore",2021-06-17,62366
"Kuwait",2021-06-18,335874
"Singapore",2021-06-18,62382
"Kuwait",2021-06-19,337371
"Singapore",2021-06-19,62403
"Kuwait",2021-06-20,339032
"Singapore",2021-06-20,62414
"Kuwait",2021-06-21,340967
"Singapore",2021-06-21,62430
"Kuwait",2021-06-22,342929
"Singapore",2021-06-22,62448
"Kuwait",2021-06-23,344799
"Singapore",2021-06-23,62470
"Kuwait",2021-06-24,346560
"Singapore",2021-06-24,62493
"Kuwait",2021-06-25,348262
"Singapore",2021-06-25,62513
"Kuwait",2021-06-26,349923
"Singapore",2021-06-26,62530
"Kuwait",2021-06-27,351481
"Singapore",2021-06-27,62544
"Kuwait",2021-06-28,353133
"Singapore",2021-06-28,62553
"Kuwait",2021-06-29,354851
"Singapore",2021-06-29,62563
"Kuwait",2021-06-30,356687
"Singapore",2021-06-30,62579
"Kuwait",2021-07-01,358511
"Singapore",2021-07-01,62589
"Kuwait",2021-07-02,360406
"Singapore",2021-07-02,62599
"Kuwait",2021-07-03,362018
"Singapore",2021-07-03,62606
"Kuwait",2021-07-04,363672
"Singapore",2021-07-04,62617
"Kuwait",2021-07-05,365649
"Singapore",2021-07-05,62630
"Kuwait",2021-07-06,367642
"Singapore",2021-07-06,62640
"Kuwait",2021-07-07,369227
"Singapore",2021-07-07,62652
"Kuwait",2021-07-08,370932
"Singapore",2021-07-08,62668
"Kuwait",2021-07-09,372549
"Singapore",2021-07-09,62678
"Kuwait",2021-07-10,374104
"Singapore",2021-07-10,62684
"Kuwait",2021-07-11,375594
"Singapore",2021-07-11,62692
"Kuwait",2021-07-12,377364
"Singapore",2021-07-12,62718
"Kuwait",2021-07-13,379076
"Singapore",2021-07-13,62744
"Kuwait",2021-07-14,380699
"Singapore",2021-07-14,62804
"Kuwait",2021-07-15,382084
"Singapore",2021-07-15,62852
"Kuwait",2021-07-16,383347
"Singapore",2021-07-16,62913
"Kuwait",2021-07-17,384573
"Singapore",2021-07-17,62981
"Kuwait",2021-07-18,385762
"Singapore",2021-07-18,63073
"Kuwait",2021-07-19,386869
"Singapore",2021-07-19,63245
"Kuwait",2021-07-20,387912
"Singapore",2021-07-20,63440
"Kuwait",2021-07-21,388881
"Singapore",2021-07-21,63621
"Kuwait",2021-07-22,389868
"Singapore",2021-07-22,63791
"Kuwait",2021-07-23,390794
"Singapore",2021-07-23,63924
"Kuwait",2021-07-24,391781
"Singapore",2021-07-24,64054
"Kuwait",2021-07-25,392617
"Singapore",2021-07-25,64179
"Kuwait",2021-07-26,393605
"Singapore",2021-07-26,64314
"Kuwait",2021-07-27,394538
"Singapore",2021-07-27,64453
"Kuwait",2021-07-28,395479
"Singapore",2021-07-28,64589
"Kuwait",2021-07-29,396332
"Singapore",2021-07-29,64722
"Kuwait",2021-07-30,397098
"Singapore",2021-07-30,64861
"Kuwait",2021-07-31,397831
"Singapore",2021-07-31,64981
"Kuwait",2021-08-01,398538
"Singapore",2021-08-01,65102
"Kuwait",2021-08-02,399343
"Singapore",2021-08-02,65213
"Kuwait",2021-08-03,400128
"Singapore",2021-08-03,65315
"Kuwait",2021-08-04,400979
"Singapore",2021-08-04,65410
"Kuwait",2021-08-05,401697
"Singapore",2021-08-05,65508
"Kuwait",2021-08-06,402293
"Singapore",2021-08-06,65605
"Kuwait",2021-08-07,402794
"Singapore",2021-08-07,65686
"Kuwait",2021-08-08,403349
"Singapore",2021-08-08,65764
"Kuwait",2021-08-09,403868
"Singapore",2021-08-09,65836
"Kuwait",2021-08-10,404463
"Singapore",2021-08-10,65836
"Kuwait",2021-08-11,404887
"Singapore",2021-08-11,65953
"Kuwait",2021-08-12,405442
"Singapore",2021-08-12,66012
"Kuwait",2021-08-13,405859
"Singapore",2021-08-13,66061
"Kuwait",2021-08-14,406234
"Singapore",2021-08-14,66119
"Kuwait",2021-08-15,406540
"Singapore",2021-08-15,66172
"Kuwait",2021-08-16,406883
"Singapore",2021-08-16,66225
"Kuwait",2021-08-17,407139
"Singapore",2021-08-17,66281
"Kuwait",2021-08-18,407376
"Singapore",2021-08-18,66334
"Kuwait",2021-08-19,407652
"Singapore",2021-08-19,66366
"Kuwait",2021-08-20,407878
"Singapore",2021-08-20,66406
"Kuwait",2021-08-21,408078
"Singapore",2021-08-21,66443
"Kuwait",2021-08-22,408245
"Singapore",2021-08-22,66478
"Kuwait",2021-08-23,408434
"Singapore",2021-08-23,66576
"Kuwait",2021-08-24,408600
"Singapore",2021-08-24,66692
"Kuwait",2021-08-25,408797
"Singapore",2021-08-25,66812
"Kuwait",2021-08-26,409009
"Singapore",2021-08-26,66928
"Kuwait",2021-08-27,409177
"Singapore",2021-08-27,66928
"Kuwait",2021-08-28,409363
"Singapore",2021-08-28,67171
"Kuwait",2021-08-29,409552
"Singapore",2021-08-29,67171
"Kuwait",2021-08-30,409736
"Singapore",2021-08-30,67459
"Kuwait",2021-08-31,409860
"Singapore",2021-08-31,67620
"Kuwait",2021-09-01,409961
"Singapore",2021-09-01,67800
"Kuwait",2021-09-02,410072
"Singapore",2021-09-02,67991
"Kuwait",2021-09-03,410167
"Singapore",2021-09-03,68210
"Kuwait",2021-09-04,410270
"Singapore",2021-09-04,68469
"Kuwait",2021-09-05,410342
"Singapore",2021-09-05,68660
"Kuwait",2021-09-06,410413
"Singapore",2021-09-06,68901
"Kuwait",2021-09-07,410496
"Singapore",2021-09-07,69233
"Kuwait",2021-09-08,410562
"Singapore",2021-09-08,69582
"Kuwait",2021-09-09,410631
"Singapore",2021-09-09,70039
"Kuwait",2021-09-10,410693
"Singapore",2021-09-10,70612
"Kuwait",2021-09-11,410734
"Singapore",2021-09-11,71167
"Kuwait",2021-09-12,410784
"Singapore",2021-09-12,71687
"Kuwait",2021-09-13,410842
"Singapore",2021-09-13,72294
"Kuwait",2021-09-14,410901
"Singapore",2021-09-14,73131
"Kuwait",2021-09-15,410960
"Singapore",2021-09-15,73938
"Kuwait",2021-09-16,411018
"Singapore",2021-09-16,74848
"Kuwait",2021-09-17,411081
"Singapore",2021-09-17,75783
"Kuwait",2021-09-18,411124
"Singapore",2021-09-18,76792
"Kuwait",2021-09-19,411180
"Singapore",2021-09-19,77804
"Kuwait",2021-09-20,411233
"Singapore",2021-09-20,78721
"Kuwait",2021-09-21,411278
"Singapore",2021-09-21,79899
"Kuwait",2021-09-22,411316
"Singapore",2021-09-22,81356
"Kuwait",2021-09-23,411358
"Singapore",2021-09-23,82860
"Kuwait",2021-09-24,411406
"Singapore",2021-09-24,84510
"Kuwait",2021-09-25,411447
"Singapore",2021-09-25,85953
"Kuwait",2021-09-26,411484
"Singapore",2021-09-26,87892
"Kuwait",2021-09-27,411533
"Singapore",2021-09-27,89539
"Kuwait",2021-09-28,411572
"Singapore",2021-09-28,91775
"Kuwait",2021-09-29,411605
"Singapore",2021-09-29,94043
"Kuwait",2021-09-30,411655
"Singapore",2021-09-30,96521
"Kuwait",2021-10-01,411690
"Singapore",2021-10-01,99430
"Kuwait",2021-10-02,411731
"Singapore",2021-10-02,101786
"Kuwait",2021-10-03,411803
"Singapore",2021-10-03,103843
"Kuwait",2021-10-04,411855
"Singapore",2021-10-04,106318
"Kuwait",2021-10-05,411904
"Singapore",2021-10-05,109804
"Kuwait",2021-10-06,411935
"Singapore",2021-10-06,113381
"Kuwait",2021-10-07,411981
"Singapore",2021-10-07,116864
"Kuwait",2021-10-08,412016
"Singapore",2021-10-08,120454
"Kuwait",2021-10-09,412048
"Singapore",2021-10-09,124157
"Kuwait",2021-10-10,412079
"Singapore",2021-10-10,126966
"Kuwait",2021-10-11,412121
"Singapore",2021-10-11,129229
"Kuwait",2021-10-12,412158
"Singapore",2021-10-12,132205
"Kuwait",2021-10-13,412196
"Singapore",2021-10-13,135395
"Kuwait",2021-10-14,412228
"Singapore",2021-10-14,138327
"Kuwait",2021-10-15,412258
"Singapore",2021-10-15,141772
"Kuwait",2021-10-16,412297
"Singapore",2021-10-16,145120
"Kuwait",2021-10-17,412332
"Singapore",2021-10-17,148178
"Kuwait",2021-10-18,412371
"Singapore",2021-10-18,150731
"Kuwait",2021-10-19,412403
"Singapore",2021-10-19,154725
"Kuwait",2021-10-20,412424
"Singapore",2021-10-20,158587
"Kuwait",2021-10-21,412449
"Singapore",2021-10-21,162026
"Kuwait",2021-10-22,412481
"Singapore",2021-10-22,165663
"Kuwait",2021-10-23,412506
"Singapore",2021-10-23,169261
"Kuwait",2021-10-24,412527
"Singapore",2021-10-24,172644
"Kuwait",2021-10-25,412557
"Singapore",2021-10-25,175818
"Kuwait",2021-10-26,412578
"Singapore",2021-10-26,179095
"Kuwait",2021-10-27,412594
"Singapore",2021-10-27,184419
"Kuwait",2021-10-28,412619
"Singapore",2021-10-28,187851
"Kuwait",2021-10-29,412641
"Singapore",2021-10-29,192099
"Kuwait",2021-10-30,412653
"Singapore",2021-10-30,195211
"Kuwait",2021-10-31,412678
"Singapore",2021-10-31,198374
"Kuwait",2021-11-01,412708
"Singapore",2021-11-01,200844
"Kuwait",2021-11-02,412731
"Singapore",2021-11-02,204340
"Kuwait",2021-11-03,412752
"Singapore",2021-11-03,207975
"Kuwait",2021-11-04,412768
"Singapore",2021-11-04,210978
"Kuwait",2021-11-05,412793
"Singapore",2021-11-05,212745
"Kuwait",2021-11-06,412821
"Singapore",2021-11-06,215780
"Kuwait",2021-11-07,412844
"Singapore",2021-11-07,218333
"Kuwait",2021-11-08,412869
"Singapore",2021-11-08,220803
"Kuwait",2021-11-09,412893
"Singapore",2021-11-09,224200
"Kuwait",2021-11-10,412916
"Singapore",2021-11-10,227681
"Kuwait",2021-11-11,412936
"Singapore",2021-11-11,230077
"Kuwait",2021-11-12,412960
"Singapore",2021-11-12,233176
"Kuwait",2021-11-13,412982
"Singapore",2021-11-13,235480
"Kuwait",2021-11-14,413008
"Singapore",2021-11-14,237203
"Kuwait",2021-11-15,413034
"Singapore",2021-11-15,239272
"Kuwait",2021-11-16,413050
"Singapore",2021-11-16,241341
"Kuwait",2021-11-17,413068
"Singapore",2021-11-17,244815
"Kuwait",2021-11-18,413090
"Singapore",2021-11-18,244815
"Kuwait",2021-11-19,413106
"Singapore",2021-11-19,248587
"Kuwait",2021-11-20,413120
"Singapore",2021-11-20,250518
"Kuwait",2021-11-21,413137
"Singapore",2021-11-21,252188
"Kuwait",2021-11-22,413165
"Singapore",2021-11-22,253649
"Kuwait",2021-11-23,413177
"Singapore",2021-11-23,255431
"Kuwait",2021-11-24,413198
"Singapore",2021-11-24,257510
"Kuwait",2021-11-25,413224
"Singapore",2021-11-25,258785
"Kuwait",2021-11-26,413245
"Singapore",2021-11-26,259875
"Kuwait",2021-11-27,413266
"Singapore",2021-11-27,261636
"Kuwait",2021-11-28,413266
"Singapore",2021-11-28,262383
"Kuwait",2021-11-29,413327
"Singapore",2021-11-29,263486
"Kuwait",2021-11-30,413362
"Singapore",2021-11-30,264725
"Kuwait",2021-12-01,413383
"Singapore",2021-12-01,266049
"Kuwait",2021-12-02,413419
"Singapore",2021-12-02,267150
"Kuwait",2021-12-03,413441
"Singapore",2021-12-03,267916
"Kuwait",2021-12-04,413464
"Singapore",2021-12-04,268659
"Kuwait",2021-12-05,413491
"Singapore",2021-12-05,269211
"Kuwait",2021-12-06,413524
"Singapore",2021-12-06,269873
"Kuwait",2021-12-07,413555
"Singapore",2021-12-07,270588
"Kuwait",2021-12-08,413588
"Singapore",2021-12-08,271297
"Kuwait",2021-12-09,413608
"Singapore",2021-12-09,271979
"Kuwait",2021-12-10,413637
"Singapore",2021-12-10,272433
"Kuwait",2021-12-11,413672
"Singapore",2021-12-11,272992
"Kuwait",2021-12-12,413711
"Singapore",2021-12-12,273362
"Kuwait",2021-12-13,413711
"Singapore",2021-12-13,273701
"Kuwait",2021-12-14,413790
"Singapore",2021-12-14,274143
"Kuwait",2021-12-15,413847
"Singapore",2021-12-15,274617
"Kuwait",2021-12-16,413891
"Singapore",2021-12-16,274972
"Kuwait",2021-12-17,413972
"Singapore",2021-12-17,275384
"Kuwait",2021-12-18,414023
"Singapore",2021-12-18,275655
"Kuwait",2021-12-19,414098
"Singapore",2021-12-19,275910
"Kuwait",2021-12-20,414178
"Singapore",2021-12-20,276105
"Kuwait",2021-12-21,414270
"Singapore",2021-12-21,276385
"Kuwait",2021-12-22,414413
"Singapore",2021-12-22,276720
"Kuwait",2021-12-23,414591
"Singapore",2021-12-23,277042
"Kuwait",2021-12-24,414761
"Singapore",2021-12-24,277307
"Kuwait",2021-12-25,414911
"Singapore",2021-12-25,277555
"Kuwait",2021-12-26,415151
"Singapore",2021-12-26,277764
"Kuwait",2021-12-27,415349
"Singapore",2021-12-27,278044
"Kuwait",2021-12-28,415678
"Singapore",2021-12-28,278409
"Kuwait",2021-12-29,416077
"Singapore",2021-12-29,278750
"Kuwait",2021-12-30,416631
"Singapore",2021-12-30,279061
"Kuwait",2021-12-31,417135
"Singapore",2021-12-31,279405
"Kuwait",2022-01-01,417723
"Singapore",2022-01-01,279861
"Kuwait",2022-01-02,418332
"Singapore",2022-01-02,280290
"Kuwait",2022-01-03,419314
"Singapore",2022-01-03,280754
"Kuwait",2022-01-04,420796
"Singapore",2022-01-04,281596
"Kuwait",2022-01-05,423042
"Singapore",2022-01-05,282401
"Kuwait",2022-01-06,425455
"Singapore",2022-01-06,283214
"Kuwait",2022-01-07,428100
"Singapore",2022-01-07,283214
"Kuwait",2022-01-08,430920
"Singapore",2022-01-08,284802
"Kuwait",2022-01-09,433919
"Singapore",2022-01-09,285647
"Kuwait",2022-01-10,437602
"Singapore",2022-01-10,286397
"Kuwait",2022-01-11,441999
"Singapore",2022-01-11,287243
"Kuwait",2022-01-12,446547
"Singapore",2022-01-12,288125
"Kuwait",2022-01-13,451430
"Singapore",2022-01-13,289085
"Kuwait",2022-01-14,456311
"Singapore",2022-01-14,290030
"Kuwait",2022-01-15,460828
"Singapore",2022-01-15,290986
"Kuwait",2022-01-16,465331
"Singapore",2022-01-16,291849
"Kuwait",2022-01-17,470478
"Singapore",2022-01-17,293014
"Kuwait",2022-01-18,475303
"Singapore",2022-01-18,294462
"Kuwait",2022-01-19,479640
"Singapore",2022-01-19,296077
"Kuwait",2022-01-20,484150
"Singapore",2022-01-20,297549
"Kuwait",2022-01-21,488959
"Singapore",2022-01-21,307813
"Kuwait",2022-01-22,493107
"Singapore",2022-01-22,310276
"Kuwait",2022-01-23,497454
"Singapore",2022-01-23,313772
"Kuwait",2022-01-24,502630
"Singapore",2022-01-24,316774
"Kuwait",2022-01-25,508372
"Singapore",2022-01-25,322770
"Kuwait",2022-01-26,514826
"Singapore",2022-01-26,327602
"Kuwait",2022-01-27,521341
"Singapore",2022-01-27,333071
"Kuwait",2022-01-28,528254
"Singapore",2022-01-28,338625
"Kuwait",2022-01-29,534062
"Singapore",2022-01-29,343832
"Kuwait",2022-01-30,539654
"Singapore",2022-01-30,348330
"Kuwait",2022-01-31,545717
"Singapore",2022-01-31,352811
"Kuwait",2022-02-01,552153
"Singapore",2022-02-01,359075
"Kuwait",2022-02-02,558745
"Singapore",2022-02-02,362176
"Kuwait",2022-02-03,564735
"Singapore",2022-02-03,366473
"Kuwait",2022-02-04,570142
"Singapore",2022-02-04,379681
"Kuwait",2022-02-05,574587
"Singapore",2022-02-05,379681
"Kuwait",2022-02-06,578819
"Singapore",2022-02-06,390071
"Kuwait",2022-02-07,583113
"Singapore",2022-02-07,405629
"Kuwait",2022-02-08,587102
"Singapore",2022-02-08,418640
"Kuwait",2022-02-09,590565
"Singapore",2022-02-09,428954
"Kuwait",2022-02-10,593889
"Singapore",2022-02-10,439640
"Kuwait",2022-02-11,596785
"Singapore",2022-02-11,449570
"Kuwait",2022-02-12,599039
"Singapore",2022-02-12,460075
"Kuwait",2022-02-13,601307
"Singapore",2022-02-13,469495
"Kuwait",2022-02-14,603869
"Singapore",2022-02-14,478577
"Kuwait",2022-02-15,606035
"Singapore",2022-02-15,497997
"Kuwait",2022-02-16,607952
"Singapore",2022-02-16,514880
"Kuwait",2022-02-17,609453
"Singapore",2022-02-17,533425
"Kuwait",2022-02-18,610801
"Singapore",2022-02-18,551519
"Kuwait",2022-02-19,611820
"Singapore",2022-02-19,576355
"Kuwait",2022-02-20,613015
"Singapore",2022-02-20,582638
"Kuwait",2022-02-21,614344
"Singapore",2022-02-21,596261
"Kuwait",2022-02-22,615397
"Singapore",2022-02-22,622293
"Kuwait",2022-02-23,616409
"Singapore",2022-02-23,642605
"Kuwait",2022-02-24,617275
"Singapore",2022-02-24,661198
"Kuwait",2022-02-25,618121
"Singapore",2022-02-25,679795
"Kuwait",2022-02-26,618703
"Singapore",2022-02-26,696652
"Kuwait",2022-02-27,619310
"Singapore",2022-02-27,710880
"Kuwait",2022-02-28,619894
"Singapore",2022-02-28,724424
"Kuwait",2022-03-01,620452
"Singapore",2022-03-01,748504
"Kuwait",2022-03-02,620980
"Singapore",2022-03-02,767663
"Kuwait",2022-03-03,621466
"Singapore",2022-03-03,785825
"Kuwait",2022-03-04,621965
"Singapore",2022-03-04,803389
"Kuwait",2022-03-05,622489
"Singapore",2022-03-05,819663
"Kuwait",2022-03-06,623159
"Singapore",2022-03-06,832821
"Kuwait",2022-03-07,623769
"Singapore",2022-03-07,846341
"Kuwait",2022-03-08,624205
"Singapore",2022-03-08,846341
"Kuwait",2022-03-09,624573
"Singapore",2022-03-09,885593
"Kuwait",2022-03-10,624922
"Singapore",2022-03-10,901758
"Kuwait",2022-03-11,625202
"Singapore",2022-03-11,917103
"Kuwait",2022-03-12,625461
"Singapore",2022-03-12,929735
"Kuwait",2022-03-13,625461
"Singapore",2022-03-13,939436
"Kuwait",2022-03-14,626114
"Singapore",2022-03-14,948478
"Kuwait",2022-03-15,626384
"Singapore",2022-03-15,964329
"Kuwait",2022-03-16,626609
"Singapore",2022-03-16,975607
"Kuwait",2022-03-17,626609
"Singapore",2022-03-17,986320
"Kuwait",2022-03-18,626993
"Singapore",2022-03-18,996914
"Kuwait",2022-03-19,627143
"Singapore",2022-03-19,1007158
"Kuwait",2022-03-20,627342
"Singapore",2022-03-20,1015017
"Kuwait",2022-03-21,627584
"Singapore",2022-03-21,1022555
"Kuwait",2022-03-22,627753
"Singapore",2022-03-22,1035721
"Kuwait",2022-03-23,627753
"Singapore",2022-03-23,1044661
"Kuwait",2022-03-24,628130
"Singapore",2022-03-24,1053139
"Kuwait",2022-03-25,628130
"Singapore",2022-03-25,1060723
"Kuwait",2022-03-26,628130
"Singapore",2022-03-26,1067157
"Kuwait",2022-03-27,628130
"Singapore",2022-03-27,1067157
"Kuwait",2022-03-28,628460
"Singapore",2022-03-28,1072005
"Kuwait",2022-03-29,628978
"Singapore",2022-03-29,1085094
"Kuwait",2022-03-30,628978
"Singapore",2022-03-30,1090823
"Kuwait",2022-03-31,628978
"Singapore",2022-03-31,1096428
"Kuwait",2022-04-01,628978
"Singapore",2022-04-01,1101438
"Kuwait",2022-04-02,628978
"Singapore",2022-04-02,1106001
"Kuwait",2022-04-03,629525
"Singapore",2022-04-03,1109744
"Kuwait",2022-04-04,629525
"Singapore",2022-04-04,1109744
"Kuwait",2022-04-05,629525
"Singapore",2022-04-05,1119419
"Kuwait",2022-04-06,629525
"Singapore",2022-04-06,1123886
"Kuwait",2022-04-07,629912
"Singapore",2022-04-07,1128155
"Kuwait",2022-04-08,630252
"Singapore",2022-04-08,1132169
"Kuwait",2022-04-09,630252
"Singapore",2022-04-09,1135428
"Kuwait",2022-04-10,630252
"Singapore",2022-04-10,1138001
"Kuwait",2022-04-11,630252
"Singapore",2022-04-11,1140569
"Kuwait",2022-04-12,630641
"Singapore",2022-04-12,1145121
"Kuwait",2022-04-13,630641
"Singapore",2022-04-13,1148656
"Kuwait",2022-04-14,630641
"Singapore",2022-04-14,1152177
"Kuwait",2022-04-15,630641
"Singapore",2022-04-15,1155581
"Kuwait",2022-04-16,630888
"Singapore",2022-04-16,1157251
"Kuwait",2022-04-17,630888
"Singapore",2022-04-17,1160300
"Kuwait",2022-04-18,630888
"Singapore",2022-04-18,1162780
"Kuwait",2022-04-19,631058
"Singapore",2022-04-19,1167498
"Kuwait",2022-04-20,631076
"Singapore",2022-04-20,1170970
"Kuwait",2022-04-21,631076
"Singapore",2022-04-21,1174390
"Kuwait",2022-04-22,631076
"Singapore",2022-04-22,1177415
"Kuwait",2022-04-23,631294
"Singapore",2022-04-23,1180124
"Kuwait",2022-04-24,631294
"Singapore",2022-04-24,1182168
"Kuwait",2022-04-25,631294
"Singapore",2022-04-25,1184226
"Kuwait",2022-04-26,631409
"Singapore",2022-04-26,1187914
"Kuwait",2022-04-27,631409
"Singapore",2022-04-27,1187914
"Kuwait",2022-04-28,631409
"Singapore",2022-04-28,1187914
"Kuwait",2022-04-29,631409
"Singapore",2022-04-29,1193250
"Kuwait",2022-04-30,631409
"Singapore",2022-04-30,1193250
"Kuwait",2022-05-01,631409
"Singapore",2022-05-01,1193250
"Kuwait",2022-05-02,631409
"Singapore",2022-05-02,1200976
"Kuwait",2022-05-03,631409
"Singapore",2022-05-03,1202546
"Kuwait",2022-05-04,631409
"Singapore",2022-05-04,1202546
"Kuwait",2022-05-05,631409
"Singapore",2022-05-05,1208917
"Kuwait",2022-05-06,631701
"Singapore",2022-05-06,1212337
"Kuwait",2022-05-07,631701
"Singapore",2022-05-07,1215499
"Kuwait",2022-05-08,631898
"Singapore",2022-05-08,1217922
"Kuwait",2022-05-09,631898
"Singapore",2022-05-09,1220193
"Kuwait",2022-05-10,631898
"Singapore",2022-05-10,1225024
"Kuwait",2022-05-11,632074
"Singapore",2022-05-11,1228914
"Kuwait",2022-05-12,632074
"Singapore",2022-05-12,1232559
"Kuwait",2022-05-13,632074
"Singapore",2022-05-13,1236850
"Kuwait",2022-05-14,632074
"Singapore",2022-05-14,1240233
"Kuwait",2022-05-15,632074
"Singapore",2022-05-15,1242884
"Kuwait",2022-05-16,632074
"Singapore",2022-05-16,1245007
"Kuwait",2022-05-17,632074
"Singapore",2022-05-17,1247671
"Kuwait",2022-05-18,632474
"Singapore",2022-05-18,1254113
"Kuwait",2022-05-19,632474
"Singapore",2022-05-19,1258691
"Kuwait",2022-05-20,632474
"Singapore",2022-05-20,1263033
"Kuwait",2022-05-21,632474
"Singapore",2022-05-21,1266808
"Kuwait",2022-05-22,632781
"Singapore",2022-05-22,1269635
"Kuwait",2022-05-23,632781
"Singapore",2022-05-23,1272386
"Kuwait",2022-05-24,632781
"Singapore",2022-05-24,1278113
"Kuwait",2022-05-25,632781
"Singapore",2022-05-25,1282280
"Kuwait",2022-05-26,632781
"Singapore",2022-05-26,1286216
"Kuwait",2022-05-27,632781
"Singapore",2022-05-27,1290046
"Kuwait",2022-05-28,632781
"Singapore",2022-05-28,1293369
"Kuwait",2022-05-29,632781
"Singapore",2022-05-29,1295920
"Kuwait",2022-05-30,633225
"Singapore",2022-05-30,1298309
"Kuwait",2022-05-31,633225
"Singapore",2022-05-31,1303294
"Kuwait",2022-06-01,633225
"Singapore",2022-06-01,1306871
"Kuwait",2022-06-02,633225
"Singapore",2022-06-02,1310616
"Kuwait",2022-06-03,633225
"Singapore",2022-06-03,1313849
"Kuwait",2022-06-04,633225
"Singapore",2022-06-04,1316728
"Kuwait",2022-06-05,634067
"Singapore",2022-06-05,1318984
"Kuwait",2022-06-06,634067
"Singapore",2022-06-06,1321146
"Kuwait",2022-06-07,634537
"Singapore",2022-06-07,1325623
"Kuwait",2022-06-08,634537
"Singapore",2022-06-08,1329225
"Kuwait",2022-06-09,635045
"Singapore",2022-06-09,1332656
"Kuwait",2022-06-10,635045
"Singapore",2022-06-10,1335625
"Kuwait",2022-06-11,635868
"Singapore",2022-06-11,1338753
"Kuwait",2022-06-12,636240
"Singapore",2022-06-12,1341256
"Kuwait",2022-06-13,636240
"Singapore",2022-06-13,1343645
"Kuwait",2022-06-14,637061
"Singapore",2022-06-14,1348775
"Kuwait",2022-06-15,637470
"Singapore",2022-06-15,1352681
"Kuwait",2022-06-16,637470
"Singapore",2022-06-16,1355801
"Kuwait",2022-06-17,638327
"Singapore",2022-06-17,1360780
"Kuwait",2022-06-18,638708
"Singapore",2022-06-18,1364562
"Kuwait",2022-06-19,638708
"Singapore",2022-06-19,1367761
"Kuwait",2022-06-20,639290
"Singapore",2022-06-20,1370981
"Kuwait",2022-06-21,639290
"Singapore",2022-06-21,1378090
"Kuwait",2022-06-22,640857
"Singapore",2022-06-22,1383952
"Kuwait",2022-06-23,640857
"Singapore",2022-06-23,1390558
"Kuwait",2022-06-24,641678
"Singapore",2022-06-24,1397074
"Kuwait",2022-06-25,641985
"Singapore",2022-06-25,1403242
"Kuwait",2022-06-26,641985
"Singapore",2022-06-26,1408358
"Kuwait",2022-06-27,643004
"Singapore",2022-06-27,1413667
"Kuwait",2022-06-28,643004
"Singapore",2022-06-28,1425171
"Kuwait",2022-06-29,643004
"Singapore",2022-06-29,1434563
"Kuwait",2022-06-30,643004
"Singapore",2022-06-30,1444068
"Kuwait",2022-07-01,644451
"Singapore",2022-07-01,1453155
"Kuwait",2022-07-02,644451
"Singapore",2022-07-02,1461107
"Kuwait",2022-07-03,644451
"Singapore",2022-07-03,1467234
"Kuwait",2022-07-04,644451
"Singapore",2022-07-04,1473180
"Kuwait",2022-07-05,646098
"Singapore",2022-07-05,1485964
"Kuwait",2022-07-06,646098
"Singapore",2022-07-06,1495953
"Kuwait",2022-07-07,646098
"Singapore",2022-07-07,1505938
"Kuwait",2022-07-08,646098
"Singapore",2022-07-08,1515222
"Kuwait",2022-07-09,646098
"Singapore",2022-07-09,1523881
"Kuwait",2022-07-10,648216
"Singapore",2022-07-10,1530304
"Kuwait",2022-07-11,648216
"Singapore",2022-07-11,1534799
"Kuwait",2022-07-12,648216
"Singapore",2022-07-12,1540778
"Kuwait",2022-07-13,648216
"Singapore",2022-07-13,1557648
"Kuwait",2022-07-14,648216
"Singapore",2022-07-14,1569420
"Kuwait",2022-07-15,648216
"Singapore",2022-07-15,1579946
"Kuwait",2022-07-16,648216
"Singapore",2022-07-16,1589099
"Kuwait",2022-07-17,648216
"Singapore",2022-07-17,1596046
"Kuwait",2022-07-18,648216
"Singapore",2022-07-18,1602273
"Kuwait",2022-07-19,648216
"Singapore",2022-07-19,1616067
"Kuwait",2022-07-20,648216
"Singapore",2022-07-20,1626360
"Kuwait",2022-07-21,648216
"Singapore",2022-07-21,1636109
"Kuwait",2022-07-22,652541
"Singapore",2022-07-22,1645092
"Kuwait",2022-07-23,653020
"Singapore",2022-07-23,1652981
"Kuwait",2022-07-24,653020
"Singapore",2022-07-24,1659156
"Kuwait",2022-07-25,653020
"Singapore",2022-07-25,1664707
"Kuwait",2022-07-26,653730
"Singapore",2022-07-26,1677126
"Kuwait",2022-07-27,653730
"Singapore",2022-07-27,1685889
"Kuwait",2022-07-28,653730
"Singapore",2022-07-28,1694454
"Kuwait",2022-07-29,653730
"Singapore",2022-07-29,1702392
"Kuwait",2022-07-30,653730
"Singapore",2022-07-30,1708950
"Kuwait",2022-07-31,653730
"Singapore",2022-07-31,1714056
"Kuwait",2022-08-01,653730
"Singapore",2022-08-01,1718765
"Kuwait",2022-08-02,653730
"Singapore",2022-08-02,1728995
"Kuwait",2022-08-03,653730
"Singapore",2022-08-03,1728995
"Kuwait",2022-08-04,653730
"Singapore",2022-08-04,1742874
"Kuwait",2022-08-05,653730
"Singapore",2022-08-05,1749144
"Kuwait",2022-08-06,654814
"Singapore",2022-08-06,1754777
"Kuwait",2022-08-07,655854
"Singapore",2022-08-07,1759575
"Kuwait",2022-08-08,655854
"Singapore",2022-08-08,1763116
"Kuwait",2022-08-09,655854
"Singapore",2022-08-09,1771081
"Kuwait",2022-08-10,655854
"Singapore",2022-08-10,1773386
"Kuwait",2022-08-11,655854
"Singapore",2022-08-11,1773386
"Kuwait",2022-08-12,655854
"Singapore",2022-08-12,1786643
"Kuwait",2022-08-13,655854
"Singapore",2022-08-13,1791046
"Kuwait",2022-08-14,656393
"Singapore",2022-08-14,1794069
"Kuwait",2022-08-15,656393
"Singapore",2022-08-15,1794069
"Kuwait",2022-08-16,656393
"Singapore",2022-08-16,1801936
"Kuwait",2022-08-17,656393
"Singapore",2022-08-17,1805698
"Kuwait",2022-08-18,656393
"Singapore",2022-08-18,1809251
