"date","mcccityname1","cases"
2020-03-09,"Davao",1
2020-03-09,"Quezon",1
2020-03-11,"Quezon",2
2020-03-12,"Quezon",1
2020-03-13,"Quezon",1
2020-03-14,"Davao",3
2020-03-14,"Quezon",11
2020-03-15,"Davao",3
2020-03-15,"Quezon",6
2020-03-17,"Davao",7
2020-03-17,"Quezon",8
2020-03-18,"Cebu",1
2020-03-18,"Quezon",3
2020-03-19,"Davao",1
2020-03-19,"Quezon",5
2020-03-20,"Davao",1
2020-03-20,"Quezon",7
2020-03-21,"Davao",4
2020-03-21,"Manila",2
2020-03-21,"Quezon",14
2020-03-22,"Davao",7
2020-03-22,"Quezon",12
2020-03-23,"Davao",16
2020-03-23,"Manila",2
2020-03-23,"Quezon",16
2020-03-24,"Davao",7
2020-03-24,"Quezon",13
2020-03-25,"Davao",3
2020-03-25,"Quezon",13
2020-03-26,"Davao",6
2020-03-26,"Quezon",14
2020-03-27,"Davao",10
2020-03-27,"Manila",2
2020-03-27,"Quezon",29
2020-03-28,"Davao",19
2020-03-28,"Manila",1
2020-03-28,"Quezon",53
2020-03-29,"Davao",31
2020-03-29,"Manila",14
2020-03-29,"Quezon",99
2020-03-30,"Davao",11
2020-03-30,"Manila",13
2020-03-30,"Quezon",25
2020-03-31,"Cebu",18
2020-03-31,"Davao",52
2020-03-31,"Quezon",117
2020-04-01,"Cebu",1
2020-04-01,"Davao",13
2020-04-01,"Manila",10
2020-04-01,"Quezon",47
2020-04-02,"Cebu",1
2020-04-02,"Davao",40
2020-04-02,"Quezon",67
2020-04-03,"Davao",45
2020-04-03,"Manila",2
2020-04-03,"Quezon",69
2020-04-04,"Davao",8
2020-04-04,"Manila",5
2020-04-04,"Quezon",11
2020-04-05,"Davao",18
2020-04-05,"Manila",5
2020-04-05,"Quezon",19
2020-04-06,"Cebu",1
2020-04-06,"Davao",44
2020-04-06,"Quezon",79
2020-04-07,"Davao",9
2020-04-07,"Manila",4
2020-04-07,"Quezon",13
2020-04-08,"Davao",8
2020-04-08,"Manila",2
2020-04-08,"Quezon",20
2020-04-09,"Cebu",1
2020-04-09,"Davao",21
2020-04-09,"Manila",3
2020-04-09,"Quezon",30
2020-04-10,"Cebu",1
2020-04-10,"Davao",7
2020-04-10,"Quezon",25
2020-04-11,"Davao",20
2020-04-11,"Quezon",33
2020-04-12,"Cebu",2
2020-04-12,"Davao",18
2020-04-12,"Quezon",33
2020-04-13,"Davao",21
2020-04-13,"Quezon",53
2020-04-14,"Davao",18
2020-04-14,"Manila",3
2020-04-14,"Quezon",37
2020-04-15,"Cebu",6
2020-04-15,"Davao",25
2020-04-15,"Manila",3
2020-04-15,"Quezon",44
2020-04-16,"Cebu",21
2020-04-16,"Davao",17
2020-04-16,"Manila",2
2020-04-16,"Quezon",26
2020-04-17,"Cebu",24
2020-04-17,"Davao",16
2020-04-17,"Manila",1
2020-04-17,"Quezon",30
2020-04-18,"Cebu",1
2020-04-18,"Davao",34
2020-04-18,"Manila",3
2020-04-18,"Quezon",20
2020-04-19,"Cebu",16
2020-04-19,"Davao",13
2020-04-19,"Manila",1
2020-04-19,"Quezon",13
2020-04-20,"Cebu",23
2020-04-20,"Davao",24
2020-04-20,"Manila",6
2020-04-20,"Quezon",25
2020-04-21,"Cebu",42
2020-04-21,"Davao",7
2020-04-21,"Manila",3
2020-04-21,"Quezon",14
2020-04-22,"Cebu",8
2020-04-22,"Davao",11
2020-04-22,"Manila",5
2020-04-22,"Quezon",20
2020-04-23,"Cebu",135
2020-04-23,"Davao",9
2020-04-23,"Manila",1
2020-04-23,"Quezon",30
2020-04-24,"Cebu",20
2020-04-24,"Davao",26
2020-04-24,"Quezon",41
2020-04-25,"Cebu",20
2020-04-25,"Davao",9
2020-04-25,"Manila",1
2020-04-25,"Quezon",19
2020-04-26,"Cebu",63
2020-04-26,"Davao",18
2020-04-26,"Manila",5
2020-04-26,"Quezon",21
2020-04-27,"Cebu",39
2020-04-27,"Davao",8
2020-04-27,"Quezon",26
2020-04-28,"Cebu",27
2020-04-28,"Davao",14
2020-04-28,"Manila",6
2020-04-28,"Quezon",33
2020-04-29,"Cebu",2
2020-04-29,"Davao",35
2020-04-29,"Manila",2
2020-04-29,"Quezon",36
2020-04-30,"Cebu",93
2020-04-30,"Davao",25
2020-04-30,"Quezon",33
2020-05-01,"Cebu",124
2020-05-01,"Davao",8
2020-05-01,"Quezon",22
2020-05-02,"Cebu",70
2020-05-02,"Davao",7
2020-05-02,"Quezon",3
2020-05-03,"Cebu",115
2020-05-03,"Davao",31
2020-05-03,"Manila",11
2020-05-03,"Quezon",23
2020-05-04,"Cebu",24
2020-05-04,"Davao",14
2020-05-04,"Manila",1
2020-05-04,"Quezon",21
2020-05-05,"Cebu",1
2020-05-05,"Davao",22
2020-05-05,"Quezon",50
2020-05-06,"Cebu",99
2020-05-06,"Davao",61
2020-05-06,"Manila",11
2020-05-06,"Quezon",28
2020-05-07,"Cebu",199
2020-05-07,"Davao",27
2020-05-07,"Manila",6
2020-05-07,"Quezon",27
2020-05-08,"Cebu",35
2020-05-08,"Davao",36
2020-05-08,"Manila",1
2020-05-08,"Quezon",20
2020-05-09,"Cebu",16
2020-05-09,"Davao",24
2020-05-09,"Manila",9
2020-05-09,"Quezon",38
2020-05-10,"Cebu",54
2020-05-10,"Davao",7
2020-05-10,"Quezon",39
2020-05-11,"Cebu",74
2020-05-11,"Davao",17
2020-05-11,"Quezon",38
2020-05-12,"Cebu",75
2020-05-12,"Davao",20
2020-05-12,"Manila",1
2020-05-12,"Quezon",35
2020-05-13,"Cebu",48
2020-05-13,"Davao",14
2020-05-13,"Quezon",56
2020-05-14,"Cebu",12
2020-05-14,"Davao",14
2020-05-14,"Manila",7
2020-05-14,"Quezon",36
2020-05-15,"Cebu",1
2020-05-15,"Davao",13
2020-05-15,"Manila",9
2020-05-15,"Quezon",21
2020-05-16,"Davao",18
2020-05-16,"Manila",3
2020-05-16,"Quezon",28
2020-05-17,"Davao",25
2020-05-17,"Quezon",22
2020-05-18,"Cebu",8
2020-05-18,"Davao",11
2020-05-18,"Quezon",20
2020-05-19,"Cebu",7
2020-05-19,"Davao",19
2020-05-19,"Quezon",48
2020-05-20,"Cebu",12
2020-05-20,"Davao",40
2020-05-20,"Quezon",25
2020-05-21,"Cebu",14
2020-05-21,"Davao",15
2020-05-21,"Quezon",8
2020-05-22,"Cebu",34
2020-05-22,"Davao",12
2020-05-22,"Quezon",25
2020-05-23,"Davao",24
2020-05-23,"Manila",38
2020-05-23,"Quezon",25
2020-05-24,"Davao",51
2020-05-24,"Manila",5
2020-05-24,"Quezon",33
2020-05-25,"Cebu",35
2020-05-25,"Davao",12
2020-05-25,"Quezon",10
2020-05-26,"Davao",35
2020-05-26,"Manila",8
2020-05-26,"Quezon",61
2020-05-27,"Davao",35
2020-05-27,"Manila",5
2020-05-27,"Quezon",66
2020-05-28,"Cebu",50
2020-05-28,"Davao",77
2020-05-28,"Manila",18
2020-05-28,"Quezon",98
2020-05-29,"Cebu",20
2020-05-29,"Davao",115
2020-05-29,"Manila",1
2020-05-29,"Quezon",109
2020-05-30,"Cebu",11
2020-05-30,"Davao",45
2020-05-30,"Quezon",27
2020-05-31,"Cebu",101
2020-05-31,"Davao",53
2020-05-31,"Manila",31
2020-05-31,"Quezon",62
2020-06-01,"Cebu",179
2020-06-01,"Davao",37
2020-06-01,"Quezon",56
2020-06-02,"Cebu",81
2020-06-02,"Davao",13
2020-06-02,"Quezon",21
2020-06-03,"Cebu",252
2020-06-03,"Davao",55
2020-06-03,"Manila",7
2020-06-03,"Quezon",72
2020-06-04,"Cebu",128
2020-06-04,"Davao",38
2020-06-04,"Manila",14
2020-06-04,"Quezon",50
2020-06-05,"Cebu",95
2020-06-05,"Davao",10
2020-06-05,"Manila",2
2020-06-05,"Quezon",7
2020-06-06,"Cebu",104
2020-06-06,"Davao",58
2020-06-06,"Manila",1
2020-06-06,"Quezon",39
2020-06-07,"Cebu",184
2020-06-07,"Davao",38
2020-06-07,"Manila",1
2020-06-07,"Quezon",57
2020-06-08,"Cebu",134
2020-06-08,"Davao",36
2020-06-08,"Quezon",40
2020-06-09,"Cebu",84
2020-06-09,"Davao",56
2020-06-09,"Manila",1
2020-06-09,"Quezon",34
2020-06-10,"Cebu",63
2020-06-10,"Davao",56
2020-06-10,"Manila",2
2020-06-10,"Quezon",46
2020-06-11,"Cebu",77
2020-06-11,"Davao",31
2020-06-11,"Manila",4
2020-06-11,"Quezon",30
2020-06-12,"Cebu",93
2020-06-12,"Davao",87
2020-06-12,"Manila",8
2020-06-12,"Quezon",50
2020-06-13,"Cebu",65
2020-06-13,"Davao",47
2020-06-13,"Manila",20
2020-06-13,"Quezon",62
2020-06-14,"Cebu",74
2020-06-14,"Davao",34
2020-06-14,"Manila",1
2020-06-14,"Quezon",48
2020-06-15,"Cebu",58
2020-06-15,"Davao",39
2020-06-15,"Manila",10
2020-06-15,"Quezon",46
2020-06-16,"Cebu",47
2020-06-16,"Davao",39
2020-06-16,"Manila",6
2020-06-16,"Quezon",34
2020-06-17,"Cebu",118
2020-06-17,"Davao",52
2020-06-17,"Quezon",26
2020-06-18,"Cebu",233
2020-06-18,"Davao",20
2020-06-18,"Quezon",58
2020-06-19,"Cebu",103
2020-06-19,"Davao",63
2020-06-19,"Manila",4
2020-06-19,"Quezon",69
2020-06-20,"Cebu",239
2020-06-20,"Davao",45
2020-06-20,"Quezon",75
2020-06-21,"Cebu",190
2020-06-21,"Davao",29
2020-06-21,"Manila",6
2020-06-21,"Quezon",47
2020-06-22,"Cebu",131
2020-06-22,"Davao",29
2020-06-22,"Quezon",20
2020-06-23,"Cebu",157
2020-06-23,"Davao",75
2020-06-23,"Manila",22
2020-06-23,"Quezon",125
2020-06-24,"Cebu",46
2020-06-24,"Davao",44
2020-06-24,"Quezon",80
2020-06-25,"Cebu",69
2020-06-25,"Davao",98
2020-06-25,"Manila",1
2020-06-25,"Quezon",73
2020-06-26,"Cebu",134
2020-06-26,"Davao",42
2020-06-26,"Manila",5
2020-06-26,"Quezon",75
2020-06-27,"Cebu",112
2020-06-27,"Davao",44
2020-06-27,"Manila",5
2020-06-27,"Quezon",68
2020-06-28,"Cebu",77
2020-06-28,"Davao",60
2020-06-28,"Manila",2
2020-06-28,"Quezon",30
2020-06-29,"Cebu",67
2020-06-29,"Davao",54
2020-06-29,"Manila",1
2020-06-29,"Quezon",92
2020-06-30,"Cebu",257
2020-06-30,"Davao",58
2020-06-30,"Manila",7
2020-06-30,"Quezon",113
2020-07-01,"Cebu",153
2020-07-01,"Davao",45
2020-07-01,"Quezon",69
2020-07-02,"Cebu",3
2020-07-02,"Davao",6
2020-07-02,"Quezon",11
2020-07-03,"Cebu",151
2020-07-03,"Davao",54
2020-07-03,"Manila",2
2020-07-03,"Quezon",93
2020-07-04,"Cebu",105
2020-07-04,"Davao",105
2020-07-04,"Manila",30
2020-07-04,"Quezon",117
2020-07-05,"Cebu",197
2020-07-05,"Davao",136
2020-07-05,"Manila",12
2020-07-05,"Quezon",236
2020-07-06,"Cebu",192
2020-07-06,"Davao",139
2020-07-06,"Manila",2
2020-07-06,"Quezon",159
2020-07-07,"Cebu",61
2020-07-07,"Davao",146
2020-07-07,"Manila",7
2020-07-07,"Quezon",149
2020-07-08,"Cebu",205
2020-07-08,"Davao",145
2020-07-08,"Manila",1
2020-07-08,"Quezon",227
2020-07-09,"Cebu",134
2020-07-09,"Davao",63
2020-07-09,"Manila",12
2020-07-09,"Quezon",140
2020-07-10,"Cebu",12
2020-07-10,"Davao",87
2020-07-10,"Manila",7
2020-07-10,"Quezon",116
2020-07-11,"Cebu",21
2020-07-11,"Davao",110
2020-07-11,"Manila",28
2020-07-11,"Quezon",120
2020-07-12,"Cebu",82
2020-07-12,"Davao",172
2020-07-12,"Manila",16
2020-07-12,"Quezon",138
2020-07-13,"Cebu",5
2020-07-13,"Davao",57
2020-07-13,"Manila",13
2020-07-13,"Quezon",103
2020-07-14,"Cebu",21
2020-07-14,"Davao",29
2020-07-14,"Manila",15
2020-07-14,"Quezon",45
2020-07-15,"Cebu",84
2020-07-15,"Davao",65
2020-07-15,"Manila",3
2020-07-15,"Quezon",120
2020-07-16,"Cebu",68
2020-07-16,"Davao",548
2020-07-16,"Manila",38
2020-07-16,"Quezon",159
2020-07-17,"Cebu",78
2020-07-17,"Davao",270
2020-07-17,"Manila",9
2020-07-17,"Quezon",170
2020-07-18,"Cebu",17
2020-07-18,"Davao",395
2020-07-18,"Manila",24
2020-07-18,"Quezon",429
2020-07-19,"Cebu",26
2020-07-19,"Davao",409
2020-07-19,"Manila",8
2020-07-19,"Quezon",240
2020-07-20,"Cebu",2
2020-07-20,"Davao",240
2020-07-20,"Manila",21
2020-07-20,"Quezon",159
2020-07-21,"Cebu",20
2020-07-21,"Davao",372
2020-07-21,"Manila",15
2020-07-21,"Quezon",212
2020-07-22,"Cebu",104
2020-07-22,"Davao",119
2020-07-22,"Manila",1
2020-07-22,"Quezon",126
2020-07-23,"Cebu",93
2020-07-23,"Davao",196
2020-07-23,"Manila",11
2020-07-23,"Quezon",234
2020-07-24,"Cebu",102
2020-07-24,"Davao",263
2020-07-24,"Manila",7
2020-07-24,"Quezon",315
2020-07-25,"Cebu",176
2020-07-25,"Davao",212
2020-07-25,"Manila",30
2020-07-25,"Quezon",231
2020-07-26,"Cebu",121
2020-07-26,"Davao",316
2020-07-26,"Manila",10
2020-07-26,"Quezon",139
2020-07-27,"Cebu",7
2020-07-27,"Davao",150
2020-07-27,"Manila",8
2020-07-27,"Quezon",127
2020-07-28,"Cebu",38
2020-07-28,"Davao",112
2020-07-28,"Manila",17
2020-07-28,"Quezon",93
2020-07-29,"Cebu",125
2020-07-29,"Davao",109
2020-07-29,"Manila",2
2020-07-29,"Quezon",125
2020-07-30,"Cebu",370
2020-07-30,"Davao",230
2020-07-30,"Manila",19
2020-07-30,"Quezon",262
2020-07-31,"Cebu",224
2020-07-31,"Davao",218
2020-07-31,"Manila",38
2020-07-31,"Quezon",351
2020-08-01,"Cebu",131
2020-08-01,"Davao",326
2020-08-01,"Manila",26
2020-08-01,"Quezon",619
2020-08-02,"Cebu",169
2020-08-02,"Davao",365
2020-08-02,"Manila",23
2020-08-02,"Quezon",548
2020-08-03,"Cebu",122
2020-08-03,"Davao",208
2020-08-03,"Manila",38
2020-08-03,"Quezon",224
2020-08-04,"Cebu",74
2020-08-04,"Davao",356
2020-08-04,"Manila",8
2020-08-04,"Quezon",678
2020-08-05,"Cebu",17
2020-08-05,"Davao",319
2020-08-05,"Manila",8
2020-08-05,"Quezon",382
2020-08-06,"Cebu",64
2020-08-06,"Davao",171
2020-08-06,"Manila",19
2020-08-06,"Quezon",188
2020-08-07,"Cebu",3
2020-08-07,"Davao",203
2020-08-07,"Manila",6
2020-08-07,"Quezon",551
2020-08-08,"Cebu",35
2020-08-08,"Davao",303
2020-08-08,"Manila",6
2020-08-08,"Quezon",340
2020-08-09,"Cebu",19
2020-08-09,"Davao",207
2020-08-09,"Manila",12
2020-08-09,"Quezon",368
2020-08-10,"Cebu",31
2020-08-10,"Davao",794
2020-08-10,"Manila",29
2020-08-10,"Quezon",910
2020-08-11,"Cebu",31
2020-08-11,"Davao",178
2020-08-11,"Manila",7
2020-08-11,"Quezon",240
2020-08-12,"Cebu",24
2020-08-12,"Davao",229
2020-08-12,"Manila",39
2020-08-12,"Quezon",576
2020-08-13,"Cebu",68
2020-08-13,"Davao",198
2020-08-13,"Manila",20
2020-08-13,"Quezon",376
2020-08-14,"Cebu",18
2020-08-14,"Davao",512
2020-08-14,"Manila",32
2020-08-14,"Quezon",801
2020-08-15,"Cebu",53
2020-08-15,"Davao",322
2020-08-15,"Manila",25
2020-08-15,"Quezon",548
2020-08-16,"Cebu",30
2020-08-16,"Davao",338
2020-08-16,"Manila",18
2020-08-16,"Quezon",288
2020-08-17,"Cebu",14
2020-08-17,"Davao",335
2020-08-17,"Manila",9
2020-08-17,"Quezon",224
2020-08-18,"Cebu",22
2020-08-18,"Davao",365
2020-08-18,"Manila",32
2020-08-18,"Quezon",427
2020-08-19,"Cebu",25
2020-08-19,"Davao",511
2020-08-19,"Manila",36
2020-08-19,"Quezon",730
2020-08-20,"Cebu",27
2020-08-20,"Davao",311
2020-08-20,"Manila",21
2020-08-20,"Quezon",531
2020-08-21,"Cebu",13
2020-08-21,"Davao",332
2020-08-21,"Manila",22
2020-08-21,"Quezon",483
2020-08-22,"Cebu",33
2020-08-22,"Davao",280
2020-08-22,"Manila",12
2020-08-22,"Quezon",544
2020-08-23,"Cebu",36
2020-08-23,"Davao",131
2020-08-23,"Manila",13
2020-08-23,"Quezon",259
2020-08-24,"Cebu",12
2020-08-24,"Davao",350
2020-08-24,"Manila",26
2020-08-24,"Quezon",389
2020-08-25,"Cebu",18
2020-08-25,"Davao",177
2020-08-25,"Manila",9
2020-08-25,"Quezon",232
2020-08-26,"Cebu",17
2020-08-26,"Davao",304
2020-08-26,"Manila",11
2020-08-26,"Quezon",639
2020-08-27,"Cebu",7
2020-08-27,"Davao",146
2020-08-27,"Manila",16
2020-08-27,"Quezon",256
2020-08-28,"Cebu",37
2020-08-28,"Davao",240
2020-08-28,"Manila",5
2020-08-28,"Quezon",354
2020-08-29,"Cebu",12
2020-08-29,"Davao",235
2020-08-29,"Manila",26
2020-08-29,"Quezon",375
2020-08-30,"Cebu",19
2020-08-30,"Davao",186
2020-08-30,"Manila",42
2020-08-30,"Quezon",344
2020-08-31,"Cebu",27
2020-08-31,"Davao",184
2020-08-31,"Manila",29
2020-08-31,"Quezon",338
2020-09-01,"Cebu",17
2020-09-01,"Davao",154
2020-09-01,"Manila",21
2020-09-01,"Quezon",201
2020-09-02,"Cebu",15
2020-09-02,"Davao",158
2020-09-02,"Manila",16
2020-09-02,"Quezon",236
2020-09-03,"Cebu",24
2020-09-03,"Davao",97
2020-09-03,"Manila",12
2020-09-03,"Quezon",109
2020-09-04,"Cebu",8
2020-09-04,"Davao",202
2020-09-04,"Manila",15
2020-09-04,"Quezon",219
2020-09-05,"Cebu",5
2020-09-05,"Davao",118
2020-09-05,"Manila",20
2020-09-05,"Quezon",126
2020-09-06,"Cebu",16
2020-09-06,"Davao",162
2020-09-06,"Manila",14
2020-09-06,"Quezon",183
2020-09-07,"Cebu",9
2020-09-07,"Davao",49
2020-09-07,"Manila",14
2020-09-07,"Quezon",45
2020-09-08,"Cebu",18
2020-09-08,"Davao",233
2020-09-08,"Manila",16
2020-09-08,"Quezon",285
2020-09-09,"Cebu",8
2020-09-09,"Davao",169
2020-09-09,"Manila",13
2020-09-09,"Quezon",245
2020-09-10,"Cebu",16
2020-09-10,"Davao",113
2020-09-10,"Manila",12
2020-09-10,"Quezon",449
2020-09-11,"Cebu",29
2020-09-11,"Davao",188
2020-09-11,"Manila",9
2020-09-11,"Quezon",262
2020-09-12,"Cebu",32
2020-09-12,"Davao",256
2020-09-12,"Manila",20
2020-09-12,"Quezon",474
2020-09-13,"Cebu",25
2020-09-13,"Davao",156
2020-09-13,"Manila",21
2020-09-13,"Quezon",284
2020-09-14,"Cebu",26
2020-09-14,"Davao",174
2020-09-14,"Manila",24
2020-09-14,"Quezon",576
2020-09-15,"Cebu",28
2020-09-15,"Davao",122
2020-09-15,"Manila",17
2020-09-15,"Quezon",330
2020-09-16,"Cebu",5
2020-09-16,"Davao",217
2020-09-16,"Manila",21
2020-09-16,"Quezon",379
2020-09-17,"Cebu",34
2020-09-17,"Davao",161
2020-09-17,"Manila",20
2020-09-17,"Quezon",242
2020-09-18,"Cebu",37
2020-09-18,"Davao",167
2020-09-18,"Manila",28
2020-09-18,"Quezon",247
2020-09-19,"Cebu",23
2020-09-19,"Davao",170
2020-09-19,"Manila",20
2020-09-19,"Quezon",253
2020-09-20,"Cebu",11
2020-09-20,"Davao",193
2020-09-20,"Manila",12
2020-09-20,"Quezon",205
2020-09-21,"Cebu",28
2020-09-21,"Davao",133
2020-09-21,"Manila",14
2020-09-21,"Quezon",270
2020-09-22,"Cebu",15
2020-09-22,"Davao",91
2020-09-22,"Manila",20
2020-09-22,"Quezon",82
2020-09-23,"Cebu",16
2020-09-23,"Davao",129
2020-09-23,"Manila",10
2020-09-23,"Quezon",176
2020-09-24,"Cebu",14
2020-09-24,"Davao",95
2020-09-24,"Manila",16
2020-09-24,"Quezon",167
2020-09-25,"Cebu",19
2020-09-25,"Davao",115
2020-09-25,"Manila",18
2020-09-25,"Quezon",241
2020-09-26,"Cebu",18
2020-09-26,"Davao",120
2020-09-26,"Manila",34
2020-09-26,"Quezon",182
2020-09-27,"Cebu",8
2020-09-27,"Davao",130
2020-09-27,"Manila",52
2020-09-27,"Quezon",136
2020-09-28,"Cebu",10
2020-09-28,"Davao",116
2020-09-28,"Manila",30
2020-09-28,"Quezon",231
2020-09-29,"Cebu",6
2020-09-29,"Davao",74
2020-09-29,"Manila",8
2020-09-29,"Quezon",140
2020-09-30,"Cebu",3
2020-09-30,"Davao",141
2020-09-30,"Manila",41
2020-09-30,"Quezon",156
2020-10-01,"Cebu",9
2020-10-01,"Davao",86
2020-10-01,"Manila",59
2020-10-01,"Quezon",180
2020-10-02,"Cebu",13
2020-10-02,"Davao",116
2020-10-02,"Manila",21
2020-10-02,"Quezon",251
2020-10-03,"Cebu",6
2020-10-03,"Davao",125
2020-10-03,"Manila",14
2020-10-03,"Quezon",189
2020-10-04,"Cebu",14
2020-10-04,"Davao",143
2020-10-04,"Manila",30
2020-10-04,"Quezon",188
2020-10-05,"Cebu",15
2020-10-05,"Davao",95
2020-10-05,"Manila",46
2020-10-05,"Quezon",186
2020-10-06,"Cebu",9
2020-10-06,"Davao",80
2020-10-06,"Manila",29
2020-10-06,"Quezon",101
2020-10-07,"Cebu",7
2020-10-07,"Davao",114
2020-10-07,"Manila",58
2020-10-07,"Quezon",228
2020-10-08,"Cebu",7
2020-10-08,"Davao",133
2020-10-08,"Manila",39
2020-10-08,"Quezon",193
2020-10-09,"Cebu",20
2020-10-09,"Davao",152
2020-10-09,"Manila",13
2020-10-09,"Quezon",235
2020-10-10,"Cebu",10
2020-10-10,"Davao",120
2020-10-10,"Manila",63
2020-10-10,"Quezon",84
2020-10-11,"Cebu",8
2020-10-11,"Davao",155
2020-10-11,"Manila",35
2020-10-11,"Quezon",165
2020-10-12,"Cebu",32
2020-10-12,"Davao",173
2020-10-12,"Manila",44
2020-10-12,"Quezon",304
2020-10-13,"Cebu",20
2020-10-13,"Davao",57
2020-10-13,"Manila",55
2020-10-13,"Quezon",111
2020-10-14,"Cebu",8
2020-10-14,"Davao",90
2020-10-14,"Manila",19
2020-10-14,"Quezon",107
2020-10-15,"Cebu",5
2020-10-15,"Davao",66
2020-10-15,"Manila",47
2020-10-15,"Quezon",108
2020-10-16,"Cebu",17
2020-10-16,"Davao",82
2020-10-16,"Manila",41
2020-10-16,"Quezon",267
2020-10-17,"Cebu",9
2020-10-17,"Davao",75
2020-10-17,"Manila",68
2020-10-17,"Quezon",143
2020-10-18,"Cebu",6
2020-10-18,"Davao",74
2020-10-18,"Manila",26
2020-10-18,"Quezon",157
2020-10-19,"Cebu",10
2020-10-19,"Davao",103
2020-10-19,"Manila",77
2020-10-19,"Quezon",136
2020-10-20,"Cebu",6
2020-10-20,"Davao",63
2020-10-20,"Manila",42
2020-10-20,"Quezon",82
2020-10-21,"Cebu",3
2020-10-21,"Davao",62
2020-10-21,"Manila",46
2020-10-21,"Quezon",47
2020-10-22,"Cebu",6
2020-10-22,"Davao",63
2020-10-22,"Manila",80
2020-10-22,"Quezon",69
2020-10-23,"Cebu",7
2020-10-23,"Davao",88
2020-10-23,"Manila",98
2020-10-23,"Quezon",94
2020-10-24,"Cebu",6
2020-10-24,"Davao",69
2020-10-24,"Manila",92
2020-10-24,"Quezon",95
2020-10-25,"Cebu",14
2020-10-25,"Davao",76
2020-10-25,"Manila",69
2020-10-25,"Quezon",112
2020-10-26,"Cebu",5
2020-10-26,"Davao",56
2020-10-26,"Manila",92
2020-10-26,"Quezon",68
2020-10-27,"Cebu",2
2020-10-27,"Davao",52
2020-10-27,"Manila",53
2020-10-27,"Quezon",64
2020-10-28,"Cebu",17
2020-10-28,"Davao",79
2020-10-28,"Manila",58
2020-10-28,"Quezon",107
2020-10-29,"Cebu",6
2020-10-29,"Davao",56
2020-10-29,"Manila",69
2020-10-29,"Quezon",86
2020-10-30,"Cebu",14
2020-10-30,"Davao",72
2020-10-30,"Manila",35
2020-10-30,"Quezon",100
2020-10-31,"Cebu",6
2020-10-31,"Davao",45
2020-10-31,"Manila",92
2020-10-31,"Quezon",86
2020-11-01,"Cebu",10
2020-11-01,"Davao",78
2020-11-01,"Manila",146
2020-11-01,"Quezon",149
2020-11-02,"Cebu",6
2020-11-02,"Davao",86
2020-11-02,"Manila",162
2020-11-02,"Quezon",112
2020-11-03,"Cebu",3
2020-11-03,"Davao",66
2020-11-03,"Manila",31
2020-11-03,"Quezon",115
2020-11-04,"Cebu",4
2020-11-04,"Davao",31
2020-11-04,"Manila",132
2020-11-04,"Quezon",48
2020-11-05,"Cebu",5
2020-11-05,"Davao",249
2020-11-05,"Manila",74
2020-11-05,"Quezon",71
2020-11-06,"Cebu",8
2020-11-06,"Davao",57
2020-11-06,"Manila",134
2020-11-06,"Quezon",96
2020-11-07,"Cebu",9
2020-11-07,"Davao",74
2020-11-07,"Manila",104
2020-11-07,"Quezon",115
2020-11-08,"Cebu",7
2020-11-08,"Davao",132
2020-11-08,"Manila",93
2020-11-08,"Quezon",104
2020-11-09,"Cebu",12
2020-11-09,"Davao",73
2020-11-09,"Manila",82
2020-11-09,"Quezon",78
2020-11-10,"Cebu",6
2020-11-10,"Davao",72
2020-11-10,"Manila",50
2020-11-10,"Quezon",59
2020-11-11,"Cebu",17
2020-11-11,"Davao",67
2020-11-11,"Manila",99
2020-11-11,"Quezon",82
2020-11-12,"Cebu",1
2020-11-12,"Davao",46
2020-11-12,"Manila",212
2020-11-12,"Quezon",54
2020-11-13,"Cebu",27
2020-11-13,"Davao",73
2020-11-13,"Manila",115
2020-11-13,"Quezon",82
2020-11-14,"Cebu",10
2020-11-14,"Davao",41
2020-11-14,"Manila",77
2020-11-14,"Quezon",60
2020-11-15,"Cebu",20
2020-11-15,"Davao",79
2020-11-15,"Manila",76
2020-11-15,"Quezon",60
2020-11-16,"Cebu",57
2020-11-16,"Davao",60
2020-11-16,"Manila",135
2020-11-16,"Quezon",59
2020-11-17,"Cebu",31
2020-11-17,"Davao",44
2020-11-17,"Manila",28
2020-11-17,"Quezon",52
2020-11-18,"Cebu",6
2020-11-18,"Davao",69
2020-11-18,"Manila",30
2020-11-18,"Quezon",64
2020-11-19,"Cebu",12
2020-11-19,"Davao",50
2020-11-19,"Manila",100
2020-11-19,"Quezon",66
2020-11-20,"Cebu",26
2020-11-20,"Davao",59
2020-11-20,"Manila",108
2020-11-20,"Quezon",80
2020-11-21,"Cebu",25
2020-11-21,"Davao",47
2020-11-21,"Manila",107
2020-11-21,"Quezon",60
2020-11-22,"Cebu",16
2020-11-22,"Davao",44
2020-11-22,"Manila",91
2020-11-22,"Quezon",98
2020-11-23,"Cebu",14
2020-11-23,"Davao",55
2020-11-23,"Manila",59
2020-11-23,"Quezon",101
2020-11-24,"Cebu",24
2020-11-24,"Davao",33
2020-11-24,"Manila",56
2020-11-24,"Quezon",49
2020-11-25,"Cebu",4
2020-11-25,"Davao",45
2020-11-25,"Manila",130
2020-11-25,"Quezon",65
2020-11-26,"Cebu",19
2020-11-26,"Davao",45
2020-11-26,"Manila",65
2020-11-26,"Quezon",36
2020-11-27,"Davao",67
2020-11-27,"Manila",95
2020-11-27,"Quezon",116
2020-11-28,"Cebu",23
2020-11-28,"Davao",43
2020-11-28,"Manila",200
2020-11-28,"Quezon",58
2020-11-29,"Cebu",16
2020-11-29,"Davao",50
2020-11-29,"Manila",60
2020-11-29,"Quezon",135
2020-11-30,"Cebu",5
2020-11-30,"Davao",47
2020-11-30,"Manila",76
2020-11-30,"Quezon",63
2020-12-01,"Cebu",4
2020-12-01,"Davao",59
2020-12-01,"Manila",40
2020-12-01,"Quezon",45
2020-12-02,"Cebu",11
2020-12-02,"Davao",63
2020-12-02,"Manila",138
2020-12-02,"Quezon",72
2020-12-03,"Cebu",6
2020-12-03,"Davao",34
2020-12-03,"Manila",90
2020-12-03,"Quezon",93
2020-12-04,"Cebu",4
2020-12-04,"Davao",26
2020-12-04,"Manila",32
2020-12-04,"Quezon",74
2020-12-05,"Cebu",10
2020-12-05,"Davao",47
2020-12-05,"Manila",161
2020-12-05,"Quezon",91
2020-12-06,"Cebu",4
2020-12-06,"Davao",52
2020-12-06,"Manila",71
2020-12-06,"Quezon",109
2020-12-07,"Cebu",5
2020-12-07,"Davao",38
2020-12-07,"Manila",186
2020-12-07,"Quezon",67
2020-12-08,"Cebu",5
2020-12-08,"Davao",40
2020-12-08,"Manila",93
2020-12-08,"Quezon",79
2020-12-09,"Cebu",1
2020-12-09,"Davao",39
2020-12-09,"Manila",40
2020-12-09,"Quezon",70
2020-12-10,"Cebu",7
2020-12-10,"Davao",67
2020-12-10,"Manila",61
2020-12-10,"Quezon",87
2020-12-11,"Cebu",11
2020-12-11,"Davao",32
2020-12-11,"Manila",121
2020-12-11,"Quezon",84
2020-12-12,"Cebu",5
2020-12-12,"Davao",46
2020-12-12,"Manila",41
2020-12-12,"Quezon",76
2020-12-13,"Cebu",20
2020-12-13,"Davao",42
2020-12-13,"Manila",26
2020-12-13,"Quezon",105
2020-12-14,"Cebu",1
2020-12-14,"Davao",53
2020-12-14,"Manila",118
2020-12-14,"Quezon",138
2020-12-15,"Cebu",8
2020-12-15,"Davao",19
2020-12-15,"Manila",23
2020-12-15,"Quezon",69
2020-12-16,"Cebu",8
2020-12-16,"Davao",41
2020-12-16,"Manila",124
2020-12-16,"Quezon",65
2020-12-17,"Cebu",3
2020-12-17,"Davao",29
2020-12-17,"Manila",57
2020-12-17,"Quezon",77
2020-12-18,"Cebu",6
2020-12-18,"Davao",75
2020-12-18,"Manila",79
2020-12-18,"Quezon",165
2020-12-19,"Cebu",4
2020-12-19,"Davao",46
2020-12-19,"Manila",76
2020-12-19,"Quezon",129
2020-12-20,"Cebu",12
2020-12-20,"Davao",32
2020-12-20,"Manila",60
2020-12-20,"Quezon",161
2020-12-21,"Cebu",5
2020-12-21,"Davao",80
2020-12-21,"Manila",151
2020-12-21,"Quezon",150
2020-12-22,"Cebu",2
2020-12-22,"Davao",41
2020-12-22,"Manila",60
2020-12-22,"Quezon",93
2020-12-23,"Cebu",6
2020-12-23,"Davao",68
2020-12-23,"Manila",52
2020-12-23,"Quezon",122
2020-12-24,"Cebu",6
2020-12-24,"Davao",45
2020-12-24,"Manila",120
2020-12-24,"Quezon",126
2020-12-25,"Cebu",3
2020-12-25,"Davao",55
2020-12-25,"Manila",96
2020-12-25,"Quezon",131
2020-12-26,"Cebu",5
2020-12-26,"Davao",25
2020-12-26,"Manila",57
2020-12-26,"Quezon",95
2020-12-27,"Cebu",10
2020-12-27,"Davao",35
2020-12-27,"Manila",41
2020-12-27,"Quezon",48
2020-12-28,"Cebu",6
2020-12-28,"Davao",30
2020-12-28,"Manila",58
2020-12-28,"Quezon",46
2020-12-29,"Cebu",7
2020-12-29,"Davao",35
2020-12-29,"Manila",59
2020-12-29,"Quezon",46
2020-12-30,"Cebu",12
2020-12-30,"Davao",40
2020-12-30,"Manila",19
2020-12-30,"Quezon",64
2020-12-31,"Cebu",15
2020-12-31,"Davao",66
2020-12-31,"Manila",59
2020-12-31,"Quezon",103
2021-01-01,"Cebu",12
2021-01-01,"Davao",67
2021-01-01,"Manila",94
2021-01-01,"Quezon",71
2021-01-02,"Cebu",4
2021-01-02,"Davao",28
2021-01-02,"Manila",59
2021-01-02,"Quezon",29
2021-01-03,"Cebu",11
2021-01-03,"Davao",42
2021-01-03,"Manila",64
2021-01-03,"Quezon",36
2021-01-04,"Cebu",24
2021-01-04,"Davao",31
2021-01-04,"Manila",73
2021-01-04,"Quezon",75
2021-01-05,"Cebu",15
2021-01-05,"Davao",24
2021-01-05,"Manila",83
2021-01-05,"Quezon",40
2021-01-06,"Cebu",20
2021-01-06,"Davao",40
2021-01-06,"Manila",81
2021-01-06,"Quezon",58
2021-01-07,"Cebu",32
2021-01-07,"Davao",40
2021-01-07,"Manila",53
2021-01-07,"Quezon",58
2021-01-08,"Cebu",37
2021-01-08,"Davao",59
2021-01-08,"Manila",94
2021-01-08,"Quezon",83
2021-01-09,"Cebu",18
2021-01-09,"Davao",66
2021-01-09,"Manila",143
2021-01-09,"Quezon",96
2021-01-10,"Cebu",48
2021-01-10,"Davao",60
2021-01-10,"Manila",80
2021-01-10,"Quezon",117
2021-01-11,"Cebu",35
2021-01-11,"Davao",70
2021-01-11,"Manila",141
2021-01-11,"Quezon",94
2021-01-12,"Cebu",50
2021-01-12,"Davao",51
2021-01-12,"Manila",138
2021-01-12,"Quezon",104
2021-01-13,"Cebu",45
2021-01-13,"Davao",57
2021-01-13,"Manila",48
2021-01-13,"Quezon",89
2021-01-14,"Cebu",51
2021-01-14,"Davao",52
2021-01-14,"Manila",133
2021-01-14,"Quezon",108
2021-01-15,"Cebu",44
2021-01-15,"Davao",81
2021-01-15,"Manila",90
2021-01-15,"Quezon",71
2021-01-16,"Cebu",44
2021-01-16,"Davao",66
2021-01-16,"Manila",37
2021-01-16,"Quezon",85
2021-01-17,"Cebu",57
2021-01-17,"Davao",41
2021-01-17,"Manila",108
2021-01-17,"Quezon",105
2021-01-18,"Cebu",65
2021-01-18,"Davao",53
2021-01-18,"Manila",141
2021-01-18,"Quezon",94
2021-01-19,"Cebu",44
2021-01-19,"Davao",46
2021-01-19,"Manila",134
2021-01-19,"Quezon",68
2021-01-20,"Cebu",37
2021-01-20,"Davao",47
2021-01-20,"Manila",111
2021-01-20,"Quezon",78
2021-01-21,"Cebu",43
2021-01-21,"Davao",80
2021-01-21,"Manila",60
2021-01-21,"Quezon",98
2021-01-22,"Cebu",79
2021-01-22,"Davao",62
2021-01-22,"Manila",76
2021-01-22,"Quezon",149
2021-01-23,"Cebu",53
2021-01-23,"Davao",50
2021-01-23,"Manila",172
2021-01-23,"Quezon",93
2021-01-24,"Cebu",59
2021-01-24,"Davao",66
2021-01-24,"Manila",97
2021-01-24,"Quezon",99
2021-01-25,"Cebu",92
2021-01-25,"Davao",35
2021-01-25,"Manila",78
2021-01-25,"Quezon",90
2021-01-26,"Cebu",80
2021-01-26,"Davao",20
2021-01-26,"Manila",65
2021-01-26,"Quezon",46
2021-01-27,"Cebu",120
2021-01-27,"Davao",51
2021-01-27,"Manila",101
2021-01-27,"Quezon",88
2021-01-28,"Cebu",35
2021-01-28,"Davao",40
2021-01-28,"Manila",41
2021-01-28,"Quezon",58
2021-01-29,"Cebu",108
2021-01-29,"Davao",73
2021-01-29,"Manila",107
2021-01-29,"Quezon",71
2021-01-30,"Cebu",106
2021-01-30,"Davao",59
2021-01-30,"Manila",171
2021-01-30,"Quezon",124
2021-01-31,"Cebu",119
2021-01-31,"Davao",42
2021-01-31,"Manila",88
2021-01-31,"Quezon",98
2021-02-01,"Cebu",101
2021-02-01,"Davao",51
2021-02-01,"Manila",50
2021-02-01,"Quezon",80
2021-02-02,"Cebu",123
2021-02-02,"Davao",65
2021-02-02,"Manila",117
2021-02-02,"Quezon",44
2021-02-03,"Cebu",92
2021-02-03,"Davao",34
2021-02-03,"Manila",82
2021-02-03,"Quezon",69
2021-02-04,"Cebu",138
2021-02-04,"Davao",22
2021-02-04,"Manila",61
2021-02-04,"Quezon",41
2021-02-05,"Cebu",104
2021-02-05,"Davao",74
2021-02-05,"Manila",25
2021-02-05,"Quezon",89
2021-02-06,"Cebu",151
2021-02-06,"Davao",54
2021-02-06,"Manila",86
2021-02-06,"Quezon",100
2021-02-07,"Cebu",155
2021-02-07,"Davao",54
2021-02-07,"Manila",75
2021-02-07,"Quezon",92
2021-02-08,"Cebu",144
2021-02-08,"Davao",50
2021-02-08,"Manila",45
2021-02-08,"Quezon",92
2021-02-09,"Cebu",82
2021-02-09,"Davao",48
2021-02-09,"Manila",25
2021-02-09,"Quezon",57
2021-02-10,"Cebu",201
2021-02-10,"Davao",34
2021-02-10,"Manila",57
2021-02-10,"Quezon",69
2021-02-11,"Cebu",241
2021-02-11,"Davao",52
2021-02-11,"Manila",46
2021-02-11,"Quezon",71
2021-02-12,"Cebu",171
2021-02-12,"Davao",81
2021-02-12,"Manila",105
2021-02-12,"Quezon",85
2021-02-13,"Cebu",155
2021-02-13,"Davao",71
2021-02-13,"Manila",79
2021-02-13,"Quezon",84
2021-02-14,"Cebu",212
2021-02-14,"Davao",59
2021-02-14,"Manila",41
2021-02-14,"Quezon",57
2021-02-15,"Cebu",210
2021-02-15,"Davao",64
2021-02-15,"Manila",65
2021-02-15,"Quezon",92
2021-02-16,"Cebu",215
2021-02-16,"Davao",33
2021-02-16,"Manila",60
2021-02-16,"Quezon",33
2021-02-17,"Cebu",132
2021-02-17,"Davao",55
2021-02-17,"Manila",30
2021-02-17,"Quezon",90
2021-02-18,"Cebu",197
2021-02-18,"Davao",82
2021-02-18,"Manila",44
2021-02-18,"Quezon",65
2021-02-19,"Cebu",208
2021-02-19,"Davao",77
2021-02-19,"Manila",59
2021-02-19,"Quezon",112
2021-02-20,"Cebu",265
2021-02-20,"Davao",95
2021-02-20,"Manila",42
2021-02-20,"Quezon",90
2021-02-21,"Cebu",170
2021-02-21,"Davao",92
2021-02-21,"Manila",23
2021-02-21,"Quezon",108
2021-02-22,"Cebu",246
2021-02-22,"Davao",114
2021-02-22,"Manila",77
2021-02-22,"Quezon",116
2021-02-23,"Cebu",233
2021-02-23,"Davao",62
2021-02-23,"Manila",31
2021-02-23,"Quezon",72
2021-02-24,"Cebu",204
2021-02-24,"Davao",68
2021-02-24,"Manila",46
2021-02-24,"Quezon",91
2021-02-25,"Cebu",218
2021-02-25,"Davao",131
2021-02-25,"Manila",50
2021-02-25,"Quezon",139
2021-02-26,"Cebu",240
2021-02-26,"Davao",117
2021-02-26,"Manila",105
2021-02-26,"Quezon",171
2021-02-27,"Cebu",237
2021-02-27,"Davao",114
2021-02-27,"Manila",58
2021-02-27,"Quezon",120
2021-02-28,"Cebu",82
2021-02-28,"Davao",114
2021-02-28,"Manila",25
2021-02-28,"Quezon",174
2021-03-01,"Cebu",136
2021-03-01,"Davao",168
2021-03-01,"Manila",43
2021-03-01,"Quezon",149
2021-03-02,"Cebu",159
2021-03-02,"Davao",93
2021-03-02,"Manila",22
2021-03-02,"Quezon",180
2021-03-03,"Cebu",167
2021-03-03,"Davao",85
2021-03-03,"Manila",22
2021-03-03,"Quezon",150
2021-03-04,"Cebu",160
2021-03-04,"Davao",151
2021-03-04,"Manila",26
2021-03-04,"Quezon",141
2021-03-05,"Cebu",133
2021-03-05,"Davao",151
2021-03-05,"Manila",32
2021-03-05,"Quezon",234
2021-03-06,"Cebu",145
2021-03-06,"Davao",240
2021-03-06,"Manila",17
2021-03-06,"Quezon",271
2021-03-07,"Cebu",198
2021-03-07,"Davao",215
2021-03-07,"Manila",47
2021-03-07,"Quezon",259
2021-03-08,"Cebu",140
2021-03-08,"Davao",224
2021-03-08,"Manila",10
2021-03-08,"Quezon",291
2021-03-09,"Cebu",162
2021-03-09,"Davao",173
2021-03-09,"Manila",5
2021-03-09,"Quezon",261
2021-03-10,"Cebu",137
2021-03-10,"Davao",243
2021-03-10,"Manila",22
2021-03-10,"Quezon",305
2021-03-11,"Cebu",212
2021-03-11,"Davao",313
2021-03-11,"Manila",17
2021-03-11,"Quezon",289
2021-03-12,"Cebu",156
2021-03-12,"Davao",279
2021-03-12,"Manila",34
2021-03-12,"Quezon",483
2021-03-13,"Cebu",168
2021-03-13,"Davao",345
2021-03-13,"Manila",47
2021-03-13,"Quezon",440
2021-03-14,"Cebu",248
2021-03-14,"Davao",335
2021-03-14,"Manila",16
2021-03-14,"Quezon",439
2021-03-15,"Cebu",151
2021-03-15,"Davao",362
2021-03-15,"Manila",10
2021-03-15,"Quezon",657
2021-03-16,"Cebu",79
2021-03-16,"Davao",384
2021-03-16,"Manila",38
2021-03-16,"Quezon",482
2021-03-17,"Cebu",71
2021-03-17,"Davao",380
2021-03-17,"Manila",3
2021-03-17,"Quezon",609
2021-03-18,"Cebu",202
2021-03-18,"Davao",503
2021-03-18,"Manila",29
2021-03-18,"Quezon",548
2021-03-19,"Cebu",156
2021-03-19,"Davao",622
2021-03-19,"Manila",24
2021-03-19,"Quezon",762
2021-03-20,"Cebu",122
2021-03-20,"Davao",688
2021-03-20,"Manila",50
2021-03-20,"Quezon",872
2021-03-21,"Cebu",170
2021-03-21,"Davao",649
2021-03-21,"Manila",22
2021-03-21,"Quezon",889
2021-03-22,"Cebu",188
2021-03-22,"Davao",577
2021-03-22,"Manila",21
2021-03-22,"Quezon",965
2021-03-23,"Cebu",52
2021-03-23,"Davao",500
2021-03-23,"Manila",11
2021-03-23,"Quezon",744
2021-03-24,"Cebu",57
2021-03-24,"Davao",589
2021-03-24,"Manila",4
2021-03-24,"Quezon",864
2021-03-25,"Cebu",126
2021-03-25,"Davao",837
2021-03-25,"Manila",9
2021-03-25,"Quezon",857
2021-03-26,"Cebu",113
2021-03-26,"Davao",818
2021-03-26,"Manila",34
2021-03-26,"Quezon",991
2021-03-27,"Cebu",126
2021-03-27,"Davao",814
2021-03-27,"Manila",34
2021-03-27,"Quezon",953
2021-03-28,"Cebu",120
2021-03-28,"Davao",839
2021-03-28,"Manila",18
2021-03-28,"Quezon",1089
2021-03-29,"Cebu",100
2021-03-29,"Davao",772
2021-03-29,"Manila",20
2021-03-29,"Quezon",1022
2021-03-30,"Cebu",49
2021-03-30,"Davao",756
2021-03-30,"Manila",51
2021-03-30,"Quezon",916
2021-03-31,"Cebu",93
2021-03-31,"Davao",413
2021-03-31,"Manila",22
2021-03-31,"Quezon",757
2021-04-01,"Cebu",40
2021-04-01,"Davao",786
2021-04-01,"Manila",5
2021-04-01,"Quezon",1041
2021-04-02,"Cebu",153
2021-04-02,"Davao",1177
2021-04-02,"Manila",45
2021-04-02,"Quezon",1812
2021-04-03,"Cebu",85
2021-04-03,"Davao",908
2021-04-03,"Manila",43
2021-04-03,"Quezon",1378
2021-04-04,"Cebu",62
2021-04-04,"Davao",676
2021-04-04,"Manila",9
2021-04-04,"Quezon",1162
2021-04-05,"Cebu",44
2021-04-05,"Davao",435
2021-04-05,"Manila",11
2021-04-05,"Quezon",1213
2021-04-06,"Cebu",53
2021-04-06,"Davao",634
2021-04-06,"Manila",51
2021-04-06,"Quezon",907
2021-04-07,"Cebu",24
2021-04-07,"Davao",477
2021-04-07,"Manila",11
2021-04-07,"Quezon",546
2021-04-08,"Cebu",87
2021-04-08,"Davao",707
2021-04-08,"Manila",23
2021-04-08,"Quezon",753
2021-04-09,"Cebu",95
2021-04-09,"Davao",740
2021-04-09,"Manila",48
2021-04-09,"Quezon",1140
2021-04-10,"Cebu",76
2021-04-10,"Davao",851
2021-04-10,"Manila",58
2021-04-10,"Quezon",1095
2021-04-11,"Cebu",50
2021-04-11,"Davao",725
2021-04-11,"Manila",58
2021-04-11,"Quezon",1107
2021-04-12,"Cebu",51
2021-04-12,"Davao",671
2021-04-12,"Manila",44
2021-04-12,"Quezon",956
2021-04-13,"Cebu",23
2021-04-13,"Davao",597
2021-04-13,"Manila",30
2021-04-13,"Quezon",1066
2021-04-14,"Cebu",50
2021-04-14,"Davao",414
2021-04-14,"Manila",35
2021-04-14,"Quezon",1170
2021-04-15,"Cebu",100
2021-04-15,"Davao",641
2021-04-15,"Manila",42
2021-04-15,"Quezon",1343
2021-04-16,"Cebu",102
2021-04-16,"Davao",693
2021-04-16,"Manila",25
2021-04-16,"Quezon",1021
2021-04-17,"Cebu",77
2021-04-17,"Davao",607
2021-04-17,"Manila",43
2021-04-17,"Quezon",803
2021-04-18,"Cebu",76
2021-04-18,"Davao",519
2021-04-18,"Manila",38
2021-04-18,"Quezon",1222
2021-04-19,"Cebu",57
2021-04-19,"Davao",458
2021-04-19,"Manila",32
2021-04-19,"Quezon",652
2021-04-20,"Cebu",56
2021-04-20,"Davao",300
2021-04-20,"Manila",19
2021-04-20,"Quezon",695
2021-04-21,"Cebu",33
2021-04-21,"Davao",454
2021-04-21,"Manila",46
2021-04-21,"Quezon",1146
2021-04-22,"Cebu",48
2021-04-22,"Davao",413
2021-04-22,"Manila",10
2021-04-22,"Quezon",901
2021-04-23,"Cebu",74
2021-04-23,"Davao",394
2021-04-23,"Manila",13
2021-04-23,"Quezon",714
2021-04-24,"Cebu",57
2021-04-24,"Davao",396
2021-04-24,"Manila",20
2021-04-24,"Quezon",717
2021-04-25,"Cebu",75
2021-04-25,"Davao",330
2021-04-25,"Manila",24
2021-04-25,"Quezon",424
2021-04-26,"Cebu",42
2021-04-26,"Davao",335
2021-04-26,"Manila",20
2021-04-26,"Quezon",627
2021-04-27,"Cebu",41
2021-04-27,"Davao",289
2021-04-27,"Manila",19
2021-04-27,"Quezon",886
2021-04-28,"Cebu",16
2021-04-28,"Davao",230
2021-04-28,"Manila",23
2021-04-28,"Quezon",926
2021-04-29,"Cebu",51
2021-04-29,"Davao",322
2021-04-29,"Manila",24
2021-04-29,"Quezon",628
2021-04-30,"Cebu",69
2021-04-30,"Davao",294
2021-04-30,"Manila",30
2021-04-30,"Quezon",507
2021-05-01,"Cebu",46
2021-05-01,"Davao",304
2021-05-01,"Manila",35
2021-05-01,"Quezon",635
2021-05-02,"Cebu",69
2021-05-02,"Davao",262
2021-05-02,"Manila",35
2021-05-02,"Quezon",617
2021-05-03,"Cebu",39
2021-05-03,"Davao",204
2021-05-03,"Manila",35
2021-05-03,"Quezon",644
2021-05-04,"Cebu",40
2021-05-04,"Davao",179
2021-05-04,"Manila",55
2021-05-04,"Quezon",589
2021-05-05,"Cebu",17
2021-05-05,"Davao",199
2021-05-05,"Manila",47
2021-05-05,"Quezon",436
2021-05-06,"Cebu",42
2021-05-06,"Davao",216
2021-05-06,"Manila",28
2021-05-06,"Quezon",372
2021-05-07,"Cebu",31
2021-05-07,"Davao",268
2021-05-07,"Manila",44
2021-05-07,"Quezon",452
2021-05-08,"Cebu",31
2021-05-08,"Davao",134
2021-05-08,"Manila",46
2021-05-08,"Quezon",490
2021-05-09,"Cebu",48
2021-05-09,"Davao",217
2021-05-09,"Manila",57
2021-05-09,"Quezon",452
2021-05-10,"Cebu",30
2021-05-10,"Davao",171
2021-05-10,"Manila",65
2021-05-10,"Quezon",412
2021-05-11,"Cebu",20
2021-05-11,"Davao",130
2021-05-11,"Manila",22
2021-05-11,"Quezon",422
2021-05-12,"Cebu",11
2021-05-12,"Davao",114
2021-05-12,"Manila",67
2021-05-12,"Quezon",311
2021-05-13,"Cebu",27
2021-05-13,"Davao",163
2021-05-13,"Manila",52
2021-05-13,"Quezon",306
2021-05-14,"Cebu",47
2021-05-14,"Davao",180
2021-05-14,"Manila",35
2021-05-14,"Quezon",385
2021-05-15,"Cebu",30
2021-05-15,"Davao",183
2021-05-15,"Manila",96
2021-05-15,"Quezon",415
2021-05-16,"Cebu",27
2021-05-16,"Davao",135
2021-05-16,"Manila",62
2021-05-16,"Quezon",388
2021-05-17,"Cebu",18
2021-05-17,"Davao",133
2021-05-17,"Manila",70
2021-05-17,"Quezon",293
2021-05-18,"Cebu",19
2021-05-18,"Davao",113
2021-05-18,"Manila",46
2021-05-18,"Quezon",260
2021-05-19,"Cebu",11
2021-05-19,"Davao",120
2021-05-19,"Manila",80
2021-05-19,"Quezon",221
2021-05-20,"Cebu",47
2021-05-20,"Davao",140
2021-05-20,"Manila",32
2021-05-20,"Quezon",234
2021-05-21,"Cebu",39
2021-05-21,"Davao",162
2021-05-21,"Manila",105
2021-05-21,"Quezon",365
2021-05-22,"Cebu",38
2021-05-22,"Davao",135
2021-05-22,"Manila",130
2021-05-22,"Quezon",327
2021-05-23,"Cebu",16
2021-05-23,"Davao",55
2021-05-23,"Manila",123
2021-05-23,"Quezon",168
2021-05-24,"Cebu",38
2021-05-24,"Davao",107
2021-05-24,"Manila",78
2021-05-24,"Quezon",211
2021-05-25,"Cebu",29
2021-05-25,"Davao",47
2021-05-25,"Manila",98
2021-05-25,"Quezon",172
2021-05-26,"Cebu",35
2021-05-26,"Davao",107
2021-05-26,"Manila",88
2021-05-26,"Quezon",275
2021-05-27,"Cebu",31
2021-05-27,"Davao",117
2021-05-27,"Manila",173
2021-05-27,"Quezon",300
2021-05-28,"Cebu",41
2021-05-28,"Davao",131
2021-05-28,"Manila",167
2021-05-28,"Quezon",420
2021-05-29,"Cebu",31
2021-05-29,"Davao",129
2021-05-29,"Manila",154
2021-05-29,"Quezon",234
2021-05-30,"Cebu",42
2021-05-30,"Davao",93
2021-05-30,"Manila",179
2021-05-30,"Quezon",348
2021-05-31,"Cebu",36
2021-05-31,"Davao",101
2021-05-31,"Manila",172
2021-05-31,"Quezon",241
2021-06-01,"Cebu",29
2021-06-01,"Davao",61
2021-06-01,"Manila",156
2021-06-01,"Quezon",187
2021-06-02,"Cebu",10
2021-06-02,"Davao",106
2021-06-02,"Manila",232
2021-06-02,"Quezon",223
2021-06-03,"Cebu",29
2021-06-03,"Davao",92
2021-06-03,"Manila",292
2021-06-03,"Quezon",222
2021-06-04,"Cebu",38
2021-06-04,"Davao",105
2021-06-04,"Manila",173
2021-06-04,"Quezon",294
2021-06-05,"Cebu",42
2021-06-05,"Davao",113
2021-06-05,"Manila",222
2021-06-05,"Quezon",208
2021-06-06,"Cebu",37
2021-06-06,"Davao",123
2021-06-06,"Manila",204
2021-06-06,"Quezon",169
2021-06-07,"Cebu",36
2021-06-07,"Davao",82
2021-06-07,"Manila",218
2021-06-07,"Quezon",153
2021-06-08,"Cebu",16
2021-06-08,"Davao",84
2021-06-08,"Manila",101
2021-06-08,"Quezon",126
2021-06-09,"Cebu",31
2021-06-09,"Davao",103
2021-06-09,"Manila",116
2021-06-09,"Quezon",158
2021-06-10,"Cebu",46
2021-06-10,"Davao",157
2021-06-10,"Manila",254
2021-06-10,"Quezon",184
2021-06-11,"Cebu",52
2021-06-11,"Davao",86
2021-06-11,"Manila",139
2021-06-11,"Quezon",180
2021-06-12,"Cebu",49
2021-06-12,"Davao",99
2021-06-12,"Manila",206
2021-06-12,"Quezon",187
2021-06-13,"Cebu",61
2021-06-13,"Davao",108
2021-06-13,"Manila",231
2021-06-13,"Quezon",171
2021-06-14,"Cebu",42
2021-06-14,"Davao",111
2021-06-14,"Manila",299
2021-06-14,"Quezon",151
2021-06-15,"Cebu",22
2021-06-15,"Davao",86
2021-06-15,"Manila",119
2021-06-15,"Quezon",116
2021-06-16,"Cebu",70
2021-06-16,"Davao",78
2021-06-16,"Manila",141
2021-06-16,"Quezon",116
2021-06-17,"Cebu",74
2021-06-17,"Davao",102
2021-06-17,"Manila",478
2021-06-17,"Quezon",159
2021-06-18,"Cebu",66
2021-06-18,"Davao",85
2021-06-18,"Manila",237
2021-06-18,"Quezon",167
2021-06-19,"Cebu",43
2021-06-19,"Davao",93
2021-06-19,"Manila",252
2021-06-19,"Quezon",212
2021-06-20,"Cebu",47
2021-06-20,"Davao",80
2021-06-20,"Manila",229
2021-06-20,"Quezon",205
2021-06-21,"Cebu",80
2021-06-21,"Davao",58
2021-06-21,"Manila",262
2021-06-21,"Quezon",100
2021-06-22,"Cebu",12
2021-06-22,"Davao",49
2021-06-22,"Manila",41
2021-06-22,"Quezon",84
2021-06-23,"Cebu",25
2021-06-23,"Davao",57
2021-06-23,"Manila",278
2021-06-23,"Quezon",129
2021-06-24,"Cebu",64
2021-06-24,"Davao",104
2021-06-24,"Manila",286
2021-06-24,"Quezon",124
2021-06-25,"Cebu",57
2021-06-25,"Davao",78
2021-06-25,"Manila",329
2021-06-25,"Quezon",130
2021-06-26,"Cebu",73
2021-06-26,"Davao",101
2021-06-26,"Manila",342
2021-06-26,"Quezon",164
2021-06-27,"Cebu",58
2021-06-27,"Davao",99
2021-06-27,"Manila",296
2021-06-27,"Quezon",153
2021-06-28,"Cebu",52
2021-06-28,"Davao",102
2021-06-28,"Manila",299
2021-06-28,"Quezon",119
2021-06-29,"Cebu",59
2021-06-29,"Davao",76
2021-06-29,"Manila",381
2021-06-29,"Quezon",108
2021-06-30,"Cebu",43
2021-06-30,"Davao",69
2021-06-30,"Manila",309
2021-06-30,"Quezon",117
2021-07-01,"Cebu",69
2021-07-01,"Davao",76
2021-07-01,"Manila",312
2021-07-01,"Quezon",160
2021-07-02,"Cebu",90
2021-07-02,"Davao",104
2021-07-02,"Manila",308
2021-07-02,"Quezon",141
2021-07-03,"Cebu",62
2021-07-03,"Davao",125
2021-07-03,"Manila",306
2021-07-03,"Quezon",161
2021-07-04,"Cebu",84
2021-07-04,"Davao",104
2021-07-04,"Manila",217
2021-07-04,"Quezon",169
2021-07-05,"Cebu",78
2021-07-05,"Davao",87
2021-07-05,"Manila",287
2021-07-05,"Quezon",127
2021-07-06,"Cebu",77
2021-07-06,"Davao",63
2021-07-06,"Manila",142
2021-07-06,"Quezon",111
2021-07-07,"Cebu",46
2021-07-07,"Davao",91
2021-07-07,"Manila",242
2021-07-07,"Quezon",109
2021-07-08,"Cebu",80
2021-07-08,"Davao",91
2021-07-08,"Manila",186
2021-07-08,"Quezon",101
2021-07-09,"Cebu",74
2021-07-09,"Davao",75
2021-07-09,"Manila",259
2021-07-09,"Quezon",177
2021-07-10,"Cebu",97
2021-07-10,"Davao",100
2021-07-10,"Manila",309
2021-07-10,"Quezon",145
2021-07-11,"Cebu",111
2021-07-11,"Davao",80
2021-07-11,"Manila",215
2021-07-11,"Quezon",130
2021-07-12,"Cebu",103
2021-07-12,"Davao",81
2021-07-12,"Manila",226
2021-07-12,"Quezon",113
2021-07-13,"Cebu",112
2021-07-13,"Davao",95
2021-07-13,"Manila",186
2021-07-13,"Quezon",74
2021-07-14,"Cebu",37
2021-07-14,"Davao",89
2021-07-14,"Manila",235
2021-07-14,"Quezon",98
2021-07-15,"Cebu",105
2021-07-15,"Davao",90
2021-07-15,"Manila",165
2021-07-15,"Quezon",133
2021-07-16,"Cebu",118
2021-07-16,"Davao",114
2021-07-16,"Manila",225
2021-07-16,"Quezon",140
2021-07-17,"Cebu",96
2021-07-17,"Davao",134
2021-07-17,"Manila",310
2021-07-17,"Quezon",145
2021-07-18,"Cebu",83
2021-07-18,"Davao",111
2021-07-18,"Manila",211
2021-07-18,"Quezon",121
2021-07-19,"Cebu",190
2021-07-19,"Davao",149
2021-07-19,"Manila",192
2021-07-19,"Quezon",178
2021-07-20,"Cebu",114
2021-07-20,"Davao",141
2021-07-20,"Manila",185
2021-07-20,"Quezon",192
2021-07-21,"Cebu",272
2021-07-21,"Davao",149
2021-07-21,"Manila",184
2021-07-21,"Quezon",183
2021-07-22,"Cebu",126
2021-07-22,"Davao",133
2021-07-22,"Manila",99
2021-07-22,"Quezon",175
2021-07-23,"Cebu",215
2021-07-23,"Davao",125
2021-07-23,"Manila",369
2021-07-23,"Quezon",254
2021-07-24,"Cebu",171
2021-07-24,"Davao",154
2021-07-24,"Manila",185
2021-07-24,"Quezon",181
2021-07-25,"Cebu",210
2021-07-25,"Davao",124
2021-07-25,"Manila",173
2021-07-25,"Quezon",147
2021-07-26,"Cebu",196
2021-07-26,"Davao",164
2021-07-26,"Manila",107
2021-07-26,"Quezon",205
2021-07-27,"Cebu",220
2021-07-27,"Davao",87
2021-07-27,"Manila",123
2021-07-27,"Quezon",237
2021-07-28,"Cebu",85
2021-07-28,"Davao",131
2021-07-28,"Manila",64
2021-07-28,"Quezon",257
2021-07-29,"Cebu",213
2021-07-29,"Davao",151
2021-07-29,"Manila",89
2021-07-29,"Quezon",221
2021-07-30,"Cebu",225
2021-07-30,"Davao",162
2021-07-30,"Manila",203
2021-07-30,"Quezon",303
2021-07-31,"Cebu",233
2021-07-31,"Davao",227
2021-07-31,"Manila",181
2021-07-31,"Quezon",285
2021-08-01,"Cebu",252
2021-08-01,"Davao",240
2021-08-01,"Manila",154
2021-08-01,"Quezon",320
2021-08-02,"Cebu",266
2021-08-02,"Davao",263
2021-08-02,"Manila",147
2021-08-02,"Quezon",416
2021-08-03,"Cebu",372
2021-08-03,"Davao",207
2021-08-03,"Manila",149
2021-08-03,"Quezon",280
2021-08-04,"Cebu",177
2021-08-04,"Davao",213
2021-08-04,"Manila",85
2021-08-04,"Quezon",326
2021-08-05,"Cebu",226
2021-08-05,"Davao",220
2021-08-05,"Manila",144
2021-08-05,"Quezon",319
2021-08-06,"Cebu",316
2021-08-06,"Davao",311
2021-08-06,"Manila",227
2021-08-06,"Quezon",374
2021-08-07,"Cebu",295
2021-08-07,"Davao",391
2021-08-07,"Manila",253
2021-08-07,"Quezon",564
2021-08-08,"Cebu",339
2021-08-08,"Davao",246
2021-08-08,"Manila",236
2021-08-08,"Quezon",436
2021-08-09,"Cebu",242
2021-08-09,"Davao",303
2021-08-09,"Manila",102
2021-08-09,"Quezon",425
2021-08-10,"Cebu",183
2021-08-10,"Davao",309
2021-08-10,"Manila",85
2021-08-10,"Quezon",587
2021-08-11,"Cebu",326
2021-08-11,"Davao",400
2021-08-11,"Manila",170
2021-08-11,"Quezon",559
2021-08-12,"Cebu",333
2021-08-12,"Davao",487
2021-08-12,"Manila",140
2021-08-12,"Quezon",655
2021-08-13,"Cebu",317
2021-08-13,"Davao",515
2021-08-13,"Manila",280
2021-08-13,"Quezon",749
2021-08-14,"Cebu",291
2021-08-14,"Davao",552
2021-08-14,"Manila",286
2021-08-14,"Quezon",666
2021-08-15,"Cebu",331
2021-08-15,"Davao",425
2021-08-15,"Manila",230
2021-08-15,"Quezon",661
2021-08-16,"Cebu",283
2021-08-16,"Davao",483
2021-08-16,"Manila",157
2021-08-16,"Quezon",726
2021-08-17,"Cebu",276
2021-08-17,"Davao",347
2021-08-17,"Manila",169
2021-08-17,"Quezon",394
2021-08-18,"Cebu",261
2021-08-18,"Davao",355
2021-08-18,"Manila",135
2021-08-18,"Quezon",817
2021-08-19,"Cebu",318
2021-08-19,"Davao",507
2021-08-19,"Manila",143
2021-08-19,"Quezon",813
2021-08-20,"Cebu",342
2021-08-20,"Davao",564
2021-08-20,"Manila",322
2021-08-20,"Quezon",866
2021-08-21,"Cebu",307
2021-08-21,"Davao",487
2021-08-21,"Manila",328
2021-08-21,"Quezon",750
2021-08-22,"Cebu",277
2021-08-22,"Davao",520
2021-08-22,"Manila",193
2021-08-22,"Quezon",698
2021-08-23,"Cebu",264
2021-08-23,"Davao",613
2021-08-23,"Manila",252
2021-08-23,"Quezon",764
2021-08-24,"Cebu",239
2021-08-24,"Davao",309
2021-08-24,"Manila",151
2021-08-24,"Quezon",485
2021-08-25,"Cebu",240
2021-08-25,"Davao",478
2021-08-25,"Manila",300
2021-08-25,"Quezon",551
2021-08-26,"Cebu",256
2021-08-26,"Davao",425
2021-08-26,"Manila",231
2021-08-26,"Quezon",610
2021-08-27,"Cebu",197
2021-08-27,"Davao",548
2021-08-27,"Manila",464
2021-08-27,"Quezon",768
2021-08-28,"Cebu",218
2021-08-28,"Davao",582
2021-08-28,"Manila",407
2021-08-28,"Quezon",736
2021-08-29,"Cebu",222
2021-08-29,"Davao",611
2021-08-29,"Manila",309
2021-08-29,"Quezon",841
2021-08-30,"Cebu",183
2021-08-30,"Davao",578
2021-08-30,"Manila",568
2021-08-30,"Quezon",893
2021-08-31,"Cebu",188
2021-08-31,"Davao",422
2021-08-31,"Manila",200
2021-08-31,"Quezon",536
2021-09-01,"Cebu",103
2021-09-01,"Davao",412
2021-09-01,"Manila",357
2021-09-01,"Quezon",764
2021-09-02,"Cebu",171
2021-09-02,"Davao",572
2021-09-02,"Manila",350
2021-09-02,"Quezon",1079
2021-09-03,"Cebu",83
2021-09-03,"Davao",613
2021-09-03,"Manila",483
2021-09-03,"Quezon",1026
2021-09-04,"Cebu",190
2021-09-04,"Davao",583
2021-09-04,"Manila",412
2021-09-04,"Quezon",1020
2021-09-05,"Cebu",185
2021-09-05,"Davao",477
2021-09-05,"Manila",408
2021-09-05,"Quezon",837
2021-09-06,"Cebu",142
2021-09-06,"Davao",587
2021-09-06,"Manila",496
2021-09-06,"Quezon",1199
2021-09-07,"Cebu",157
2021-09-07,"Davao",524
2021-09-07,"Manila",410
2021-09-07,"Quezon",972
2021-09-08,"Cebu",119
2021-09-08,"Davao",351
2021-09-08,"Manila",522
2021-09-08,"Quezon",1136
2021-09-09,"Cebu",162
2021-09-09,"Davao",566
2021-09-09,"Manila",387
2021-09-09,"Quezon",1089
2021-09-10,"Cebu",130
2021-09-10,"Davao",547
2021-09-10,"Manila",612
2021-09-10,"Quezon",888
2021-09-11,"Cebu",140
2021-09-11,"Davao",972
2021-09-11,"Manila",401
2021-09-11,"Quezon",1715
2021-09-12,"Cebu",122
2021-09-12,"Davao",519
2021-09-12,"Manila",515
2021-09-12,"Quezon",1091
2021-09-13,"Cebu",74
2021-09-13,"Davao",508
2021-09-13,"Manila",434
2021-09-13,"Quezon",1211
2021-09-14,"Cebu",70
2021-09-14,"Davao",458
2021-09-14,"Manila",293
2021-09-14,"Quezon",967
2021-09-15,"Cebu",84
2021-09-15,"Davao",404
2021-09-15,"Manila",342
2021-09-15,"Quezon",1300
2021-09-16,"Cebu",111
2021-09-16,"Davao",549
2021-09-16,"Manila",621
2021-09-16,"Quezon",1229
2021-09-17,"Cebu",134
2021-09-17,"Davao",478
2021-09-17,"Manila",468
2021-09-17,"Quezon",914
2021-09-18,"Cebu",80
2021-09-18,"Davao",558
2021-09-18,"Manila",379
2021-09-18,"Quezon",1149
2021-09-19,"Cebu",96
2021-09-19,"Davao",478
2021-09-19,"Manila",463
2021-09-19,"Quezon",964
2021-09-20,"Cebu",82
2021-09-20,"Davao",430
2021-09-20,"Manila",185
2021-09-20,"Quezon",1190
2021-09-21,"Cebu",71
2021-09-21,"Davao",377
2021-09-21,"Manila",330
2021-09-21,"Quezon",757
2021-09-22,"Cebu",82
2021-09-22,"Davao",332
2021-09-22,"Manila",307
2021-09-22,"Quezon",1019
2021-09-23,"Cebu",56
2021-09-23,"Davao",433
2021-09-23,"Manila",256
2021-09-23,"Quezon",1232
2021-09-24,"Cebu",83
2021-09-24,"Davao",431
2021-09-24,"Manila",425
2021-09-24,"Quezon",1059
2021-09-25,"Cebu",49
2021-09-25,"Davao",133
2021-09-25,"Manila",200
2021-09-25,"Quezon",804
2021-09-26,"Cebu",49
2021-09-26,"Davao",514
2021-09-26,"Manila",304
2021-09-26,"Quezon",1359
2021-09-27,"Cebu",100
2021-09-27,"Davao",268
2021-09-27,"Manila",469
2021-09-27,"Quezon",657
2021-09-28,"Cebu",34
2021-09-28,"Davao",201
2021-09-28,"Manila",222
2021-09-28,"Quezon",802
2021-09-29,"Cebu",46
2021-09-29,"Davao",291
2021-09-29,"Manila",267
2021-09-29,"Quezon",900
2021-09-30,"Cebu",46
2021-09-30,"Davao",335
2021-09-30,"Manila",232
2021-09-30,"Quezon",923
2021-10-01,"Cebu",41
2021-10-01,"Davao",387
2021-10-01,"Manila",372
2021-10-01,"Quezon",1120
2021-10-02,"Cebu",37
2021-10-02,"Davao",268
2021-10-02,"Manila",232
2021-10-02,"Quezon",634
2021-10-03,"Cebu",56
2021-10-03,"Davao",244
2021-10-03,"Manila",245
2021-10-03,"Quezon",867
2021-10-04,"Cebu",39
2021-10-04,"Davao",144
2021-10-04,"Manila",178
2021-10-04,"Quezon",565
2021-10-05,"Cebu",37
2021-10-05,"Davao",164
2021-10-05,"Manila",89
2021-10-05,"Quezon",533
2021-10-06,"Cebu",45
2021-10-06,"Davao",180
2021-10-06,"Manila",230
2021-10-06,"Quezon",487
2021-10-07,"Cebu",41
2021-10-07,"Davao",161
2021-10-07,"Manila",211
2021-10-07,"Quezon",482
2021-10-08,"Cebu",40
2021-10-08,"Davao",161
2021-10-08,"Manila",199
2021-10-08,"Quezon",569
2021-10-09,"Cebu",46
2021-10-09,"Davao",132
2021-10-09,"Manila",192
2021-10-09,"Quezon",453
2021-10-10,"Cebu",35
2021-10-10,"Davao",274
2021-10-10,"Manila",215
2021-10-10,"Quezon",700
2021-10-11,"Cebu",25
2021-10-11,"Davao",144
2021-10-11,"Manila",93
2021-10-11,"Quezon",339
2021-10-12,"Cebu",38
2021-10-12,"Davao",183
2021-10-12,"Manila",91
2021-10-12,"Quezon",477
2021-10-13,"Cebu",23
2021-10-13,"Davao",121
2021-10-13,"Manila",155
2021-10-13,"Quezon",277
2021-10-14,"Cebu",24
2021-10-14,"Davao",171
2021-10-14,"Manila",179
2021-10-14,"Quezon",419
2021-10-15,"Cebu",38
2021-10-15,"Davao",150
2021-10-15,"Manila",102
2021-10-15,"Quezon",360
2021-10-16,"Cebu",24
2021-10-16,"Davao",112
2021-10-16,"Manila",138
2021-10-16,"Quezon",268
2021-10-17,"Cebu",31
2021-10-17,"Davao",130
2021-10-17,"Manila",84
2021-10-17,"Quezon",316
2021-10-18,"Cebu",25
2021-10-18,"Davao",145
2021-10-18,"Manila",100
2021-10-18,"Quezon",342
2021-10-19,"Cebu",12
2021-10-19,"Davao",130
2021-10-19,"Manila",33
2021-10-19,"Quezon",135
2021-10-20,"Cebu",14
2021-10-20,"Davao",71
2021-10-20,"Manila",88
2021-10-20,"Quezon",182
2021-10-21,"Cebu",16
2021-10-21,"Davao",64
2021-10-21,"Manila",93
2021-10-21,"Quezon",226
2021-10-22,"Cebu",14
2021-10-22,"Davao",77
2021-10-22,"Manila",78
2021-10-22,"Quezon",270
2021-10-23,"Cebu",25
2021-10-23,"Davao",131
2021-10-23,"Manila",99
2021-10-23,"Quezon",218
2021-10-24,"Cebu",13
2021-10-24,"Davao",95
2021-10-24,"Manila",91
2021-10-24,"Quezon",204
2021-10-25,"Cebu",18
2021-10-25,"Davao",110
2021-10-25,"Manila",60
2021-10-25,"Quezon",175
2021-10-26,"Cebu",13
2021-10-26,"Davao",144
2021-10-26,"Manila",79
2021-10-26,"Quezon",277
2021-10-27,"Cebu",6
2021-10-27,"Davao",70
2021-10-27,"Manila",130
2021-10-27,"Quezon",113
2021-10-28,"Cebu",13
2021-10-28,"Davao",119
2021-10-28,"Manila",147
2021-10-28,"Quezon",298
2021-10-29,"Cebu",13
2021-10-29,"Davao",63
2021-10-29,"Manila",69
2021-10-29,"Quezon",175
2021-10-30,"Cebu",15
2021-10-30,"Davao",70
2021-10-30,"Manila",74
2021-10-30,"Quezon",148
2021-10-31,"Cebu",37
2021-10-31,"Davao",68
2021-10-31,"Manila",39
2021-10-31,"Quezon",152
2021-11-01,"Cebu",15
2021-11-01,"Davao",51
2021-11-01,"Manila",39
2021-11-01,"Quezon",166
2021-11-02,"Cebu",3
2021-11-02,"Davao",34
2021-11-02,"Manila",44
2021-11-02,"Quezon",221
2021-11-03,"Cebu",7
2021-11-03,"Davao",24
2021-11-03,"Manila",19
2021-11-03,"Quezon",68
2021-11-04,"Cebu",11
2021-11-04,"Davao",41
2021-11-04,"Manila",27
2021-11-04,"Quezon",78
2021-11-05,"Cebu",20
2021-11-05,"Davao",56
2021-11-05,"Manila",43
2021-11-05,"Quezon",63
2021-11-06,"Cebu",21
2021-11-06,"Davao",52
2021-11-06,"Manila",46
2021-11-06,"Quezon",111
2021-11-07,"Cebu",15
2021-11-07,"Davao",51
2021-11-07,"Manila",19
2021-11-07,"Quezon",97
2021-11-08,"Cebu",18
2021-11-08,"Davao",44
2021-11-08,"Manila",47
2021-11-08,"Quezon",91
2021-11-09,"Cebu",6
2021-11-09,"Davao",38
2021-11-09,"Manila",29
2021-11-09,"Quezon",118
2021-11-10,"Cebu",9
2021-11-10,"Davao",66
2021-11-10,"Manila",40
2021-11-10,"Quezon",167
2021-11-11,"Cebu",6
2021-11-11,"Davao",41
2021-11-11,"Manila",25
2021-11-11,"Quezon",94
2021-11-12,"Cebu",11
2021-11-12,"Davao",43
2021-11-12,"Manila",41
2021-11-12,"Quezon",110
2021-11-13,"Cebu",10
2021-11-13,"Davao",33
2021-11-13,"Manila",54
2021-11-13,"Quezon",246
2021-11-14,"Cebu",14
2021-11-14,"Davao",32
2021-11-14,"Manila",21
2021-11-14,"Quezon",151
2021-11-15,"Cebu",7
2021-11-15,"Davao",34
2021-11-15,"Manila",19
2021-11-15,"Quezon",91
2021-11-16,"Cebu",6
2021-11-16,"Davao",13
2021-11-16,"Manila",13
2021-11-16,"Quezon",110
2021-11-17,"Cebu",5
2021-11-17,"Davao",66
2021-11-17,"Manila",19
2021-11-17,"Quezon",86
2021-11-18,"Cebu",6
2021-11-18,"Davao",34
2021-11-18,"Manila",16
2021-11-18,"Quezon",36
2021-11-19,"Cebu",11
2021-11-19,"Davao",37
2021-11-19,"Manila",27
2021-11-19,"Quezon",72
2021-11-20,"Cebu",6
2021-11-20,"Davao",35
2021-11-20,"Manila",21
2021-11-20,"Quezon",46
2021-11-21,"Cebu",7
2021-11-21,"Davao",60
2021-11-21,"Manila",37
2021-11-21,"Quezon",91
2021-11-22,"Cebu",2
2021-11-22,"Davao",14
2021-11-22,"Manila",9
2021-11-22,"Quezon",44
2021-11-23,"Cebu",3
2021-11-23,"Davao",41
2021-11-23,"Manila",4
2021-11-23,"Quezon",61
2021-11-24,"Cebu",3
2021-11-24,"Davao",21
2021-11-24,"Manila",9
2021-11-24,"Quezon",70
2021-11-25,"Cebu",6
2021-11-25,"Davao",17
2021-11-25,"Manila",10
2021-11-25,"Quezon",52
2021-11-26,"Cebu",7
2021-11-26,"Davao",14
2021-11-26,"Manila",8
2021-11-26,"Quezon",47
2021-11-27,"Cebu",7
2021-11-27,"Davao",18
2021-11-27,"Manila",8
2021-11-27,"Quezon",33
2021-11-28,"Cebu",4
2021-11-28,"Davao",23
2021-11-28,"Manila",12
2021-11-28,"Quezon",27
2021-11-29,"Cebu",2
2021-11-29,"Davao",16
2021-11-29,"Manila",3
2021-11-29,"Quezon",46
2021-11-30,"Cebu",4
2021-11-30,"Davao",10
2021-11-30,"Manila",2
2021-11-30,"Quezon",16
2021-12-01,"Cebu",3
2021-12-01,"Davao",11
2021-12-01,"Manila",4
2021-12-01,"Quezon",30
2021-12-02,"Cebu",7
2021-12-02,"Davao",16
2021-12-02,"Manila",11
2021-12-02,"Quezon",32
2021-12-03,"Cebu",2
2021-12-03,"Davao",10
2021-12-03,"Manila",15
2021-12-03,"Quezon",22
2021-12-04,"Cebu",1
2021-12-04,"Davao",10
2021-12-04,"Manila",12
2021-12-04,"Quezon",32
2021-12-05,"Cebu",5
2021-12-05,"Davao",11
2021-12-05,"Manila",9
2021-12-05,"Quezon",22
2021-12-06,"Cebu",3
2021-12-06,"Davao",16
2021-12-06,"Manila",4
2021-12-06,"Quezon",20
2021-12-07,"Davao",13
2021-12-07,"Manila",3
2021-12-07,"Quezon",22
2021-12-08,"Cebu",4
2021-12-08,"Davao",10
2021-12-08,"Manila",1
2021-12-08,"Quezon",24
2021-12-09,"Cebu",4
2021-12-09,"Davao",14
2021-12-09,"Manila",9
2021-12-09,"Quezon",27
2021-12-10,"Cebu",4
2021-12-10,"Davao",12
2021-12-10,"Manila",10
2021-12-10,"Quezon",14
2021-12-11,"Cebu",2
2021-12-11,"Davao",15
2021-12-11,"Manila",1
2021-12-11,"Quezon",22
2021-12-12,"Cebu",1
2021-12-12,"Davao",24
2021-12-12,"Manila",6
2021-12-12,"Quezon",20
2021-12-13,"Cebu",2
2021-12-13,"Davao",4
2021-12-13,"Manila",6
2021-12-13,"Quezon",13
2021-12-14,"Davao",16
2021-12-14,"Manila",10
2021-12-14,"Quezon",16
2021-12-15,"Davao",2
2021-12-15,"Manila",4
2021-12-15,"Quezon",15
2021-12-16,"Cebu",2
2021-12-16,"Davao",12
2021-12-16,"Manila",3
2021-12-16,"Quezon",23
2021-12-17,"Cebu",2
2021-12-17,"Davao",25
2021-12-17,"Manila",1
2021-12-17,"Quezon",31
2021-12-18,"Cebu",3
2021-12-18,"Davao",9
2021-12-18,"Manila",6
2021-12-18,"Quezon",8
2021-12-19,"Davao",13
2021-12-19,"Manila",1
2021-12-19,"Quezon",9
2021-12-20,"Cebu",1
2021-12-20,"Davao",19
2021-12-20,"Manila",1
2021-12-20,"Quezon",7
2021-12-21,"Davao",5
2021-12-21,"Manila",2
2021-12-21,"Quezon",7
2021-12-22,"Davao",14
2021-12-22,"Manila",4
2021-12-22,"Quezon",15
2021-12-23,"Cebu",1
2021-12-23,"Davao",11
2021-12-23,"Manila",2
2021-12-23,"Quezon",18
2021-12-24,"Cebu",2
2021-12-24,"Davao",30
2021-12-24,"Manila",4
2021-12-24,"Quezon",14
2021-12-25,"Davao",56
2021-12-25,"Manila",13
2021-12-25,"Quezon",23
2021-12-26,"Cebu",1
2021-12-26,"Davao",59
2021-12-26,"Quezon",27
2021-12-27,"Davao",35
2021-12-27,"Manila",2
2021-12-27,"Quezon",23
2021-12-28,"Cebu",1
2021-12-28,"Davao",66
2021-12-28,"Manila",3
2021-12-28,"Quezon",30
2021-12-29,"Davao",187
2021-12-29,"Manila",2
2021-12-29,"Quezon",93
2021-12-30,"Davao",348
2021-12-30,"Manila",5
2021-12-30,"Quezon",177
2021-12-31,"Cebu",1
2021-12-31,"Davao",570
2021-12-31,"Manila",7
2021-12-31,"Quezon",364
2022-01-01,"Cebu",6
2022-01-01,"Davao",843
2022-01-01,"Manila",2
2022-01-01,"Quezon",423
2022-01-02,"Cebu",10
2022-01-02,"Davao",976
2022-01-02,"Manila",3
2022-01-02,"Quezon",669
2022-01-03,"Cebu",7
2022-01-03,"Davao",711
2022-01-03,"Manila",6
2022-01-03,"Quezon",602
2022-01-04,"Cebu",9
2022-01-04,"Davao",812
2022-01-04,"Manila",11
2022-01-04,"Quezon",1000
2022-01-05,"Cebu",13
2022-01-05,"Davao",1419
2022-01-05,"Manila",23
2022-01-05,"Quezon",1846
2022-01-06,"Cebu",38
2022-01-06,"Davao",1941
2022-01-06,"Manila",29
2022-01-06,"Quezon",2429
2022-01-07,"Cebu",42
2022-01-07,"Davao",2266
2022-01-07,"Manila",51
2022-01-07,"Quezon",3134
2022-01-08,"Cebu",64
2022-01-08,"Davao",2412
2022-01-08,"Manila",100
2022-01-08,"Quezon",3571
2022-01-09,"Cebu",61
2022-01-09,"Davao",2329
2022-01-09,"Manila",122
2022-01-09,"Quezon",3771
2022-01-10,"Cebu",85
2022-01-10,"Davao",2620
2022-01-10,"Manila",88
2022-01-10,"Quezon",4796
2022-01-11,"Cebu",159
2022-01-11,"Davao",2206
2022-01-11,"Manila",102
2022-01-11,"Quezon",3241
2022-01-12,"Cebu",140
2022-01-12,"Davao",2158
2022-01-12,"Manila",94
2022-01-12,"Quezon",4320
2022-01-13,"Cebu",219
2022-01-13,"Davao",1985
2022-01-13,"Manila",180
2022-01-13,"Quezon",3799
2022-01-14,"Cebu",253
2022-01-14,"Davao",2053
2022-01-14,"Manila",301
2022-01-14,"Quezon",4038
2022-01-15,"Cebu",395
2022-01-15,"Davao",1744
2022-01-15,"Manila",341
2022-01-15,"Quezon",3914
2022-01-16,"Cebu",287
2022-01-16,"Davao",1477
2022-01-16,"Manila",377
2022-01-16,"Quezon",3512
2022-01-17,"Cebu",466
2022-01-17,"Davao",1236
2022-01-17,"Manila",390
2022-01-17,"Quezon",2864
2022-01-18,"Cebu",514
2022-01-18,"Davao",967
2022-01-18,"Manila",503
2022-01-18,"Quezon",2029
2022-01-19,"Cebu",517
2022-01-19,"Davao",668
2022-01-19,"Manila",272
2022-01-19,"Quezon",1830
2022-01-20,"Cebu",643
2022-01-20,"Davao",766
2022-01-20,"Manila",797
2022-01-20,"Quezon",1633
2022-01-21,"Cebu",793
2022-01-21,"Davao",639
2022-01-21,"Manila",1382
2022-01-21,"Quezon",1253
2022-01-22,"Cebu",950
2022-01-22,"Davao",585
2022-01-22,"Manila",1180
2022-01-22,"Quezon",1204
2022-01-23,"Cebu",839
2022-01-23,"Davao",498
2022-01-23,"Manila",1839
2022-01-23,"Quezon",1005
2022-01-24,"Cebu",877
2022-01-24,"Davao",361
2022-01-24,"Manila",1788
2022-01-24,"Quezon",1029
2022-01-25,"Cebu",525
2022-01-25,"Davao",338
2022-01-25,"Manila",909
2022-01-25,"Quezon",637
2022-01-26,"Cebu",459
2022-01-26,"Davao",260
2022-01-26,"Manila",571
2022-01-26,"Quezon",447
2022-01-27,"Cebu",442
2022-01-27,"Davao",282
2022-01-27,"Manila",1049
2022-01-27,"Quezon",440
2022-01-28,"Cebu",520
2022-01-28,"Davao",262
2022-01-28,"Manila",1115
2022-01-28,"Quezon",410
2022-01-29,"Cebu",392
2022-01-29,"Davao",478
2022-01-29,"Manila",782
2022-01-29,"Quezon",687
2022-01-30,"Cebu",286
2022-01-30,"Davao",268
2022-01-30,"Manila",641
2022-01-30,"Quezon",366
2022-01-31,"Cebu",311
2022-01-31,"Davao",851
2022-01-31,"Manila",691
2022-01-31,"Quezon",809
2022-02-01,"Cebu",295
2022-02-01,"Davao",208
2022-02-01,"Manila",429
2022-02-01,"Quezon",309
2022-02-02,"Cebu",82
2022-02-02,"Davao",306
2022-02-02,"Manila",270
2022-02-02,"Quezon",444
2022-02-03,"Cebu",226
2022-02-03,"Davao",133
2022-02-03,"Manila",293
2022-02-03,"Quezon",124
2022-02-04,"Cebu",166
2022-02-04,"Davao",214
2022-02-04,"Manila",387
2022-02-04,"Quezon",326
2022-02-05,"Cebu",223
2022-02-05,"Davao",123
2022-02-05,"Manila",351
2022-02-05,"Quezon",168
2022-02-06,"Cebu",183
2022-02-06,"Davao",178
2022-02-06,"Manila",314
2022-02-06,"Quezon",175
2022-02-07,"Cebu",180
2022-02-07,"Davao",119
2022-02-07,"Manila",263
2022-02-07,"Quezon",185
2022-02-08,"Cebu",107
2022-02-08,"Davao",96
2022-02-08,"Manila",85
2022-02-08,"Quezon",99
2022-02-09,"Cebu",80
2022-02-09,"Davao",72
2022-02-09,"Manila",56
2022-02-09,"Quezon",95
2022-02-10,"Cebu",122
2022-02-10,"Davao",84
2022-02-10,"Manila",172
2022-02-10,"Quezon",106
2022-02-11,"Cebu",81
2022-02-11,"Davao",99
2022-02-11,"Manila",194
2022-02-11,"Quezon",95
2022-02-12,"Cebu",89
2022-02-12,"Davao",80
2022-02-12,"Manila",115
2022-02-12,"Quezon",122
2022-02-13,"Cebu",70
2022-02-13,"Davao",90
2022-02-13,"Manila",110
2022-02-13,"Quezon",90
2022-02-14,"Cebu",83
2022-02-14,"Davao",75
2022-02-14,"Manila",91
2022-02-14,"Quezon",104
2022-02-15,"Cebu",43
2022-02-15,"Davao",57
2022-02-15,"Manila",74
2022-02-15,"Quezon",39
2022-02-16,"Cebu",33
2022-02-16,"Davao",46
2022-02-16,"Manila",48
2022-02-16,"Quezon",68
2022-02-17,"Cebu",57
2022-02-17,"Davao",77
2022-02-17,"Manila",60
2022-02-17,"Quezon",59
2022-02-18,"Cebu",65
2022-02-18,"Davao",64
2022-02-18,"Manila",72
2022-02-18,"Quezon",70
2022-02-19,"Cebu",44
2022-02-19,"Davao",75
2022-02-19,"Manila",66
2022-02-19,"Quezon",64
2022-02-20,"Cebu",36
2022-02-20,"Davao",105
2022-02-20,"Manila",46
2022-02-20,"Quezon",47
2022-02-21,"Cebu",43
2022-02-21,"Davao",55
2022-02-21,"Manila",46
2022-02-21,"Quezon",74
2022-02-22,"Cebu",22
2022-02-22,"Davao",32
2022-02-22,"Manila",35
2022-02-22,"Quezon",42
2022-02-23,"Cebu",42
2022-02-23,"Davao",57
2022-02-23,"Manila",33
2022-02-23,"Quezon",54
2022-02-24,"Cebu",60
2022-02-24,"Davao",53
2022-02-24,"Manila",61
2022-02-24,"Quezon",65
2022-02-25,"Cebu",64
2022-02-25,"Davao",64
2022-02-25,"Manila",44
2022-02-25,"Quezon",59
2022-02-26,"Cebu",31
2022-02-26,"Davao",52
2022-02-26,"Manila",34
2022-02-26,"Quezon",38
2022-02-27,"Cebu",15
2022-02-27,"Davao",47
2022-02-27,"Manila",43
2022-02-27,"Quezon",38
2022-02-28,"Cebu",12
2022-02-28,"Davao",79
2022-02-28,"Manila",34
2022-02-28,"Quezon",46
2022-03-01,"Cebu",27
2022-03-01,"Davao",45
2022-03-01,"Manila",47
2022-03-01,"Quezon",38
2022-03-02,"Cebu",13
2022-03-02,"Davao",26
2022-03-02,"Manila",28
2022-03-02,"Quezon",33
2022-03-03,"Cebu",48
2022-03-03,"Davao",46
2022-03-03,"Manila",24
2022-03-03,"Quezon",44
2022-03-04,"Cebu",22
2022-03-04,"Davao",40
2022-03-04,"Manila",15
2022-03-04,"Quezon",22
2022-03-05,"Cebu",27
2022-03-05,"Davao",48
2022-03-05,"Manila",16
2022-03-05,"Quezon",39
2022-03-06,"Cebu",15
2022-03-06,"Davao",54
2022-03-06,"Manila",13
2022-03-06,"Quezon",31
2022-03-07,"Cebu",29
2022-03-07,"Davao",29
2022-03-07,"Manila",11
2022-03-07,"Quezon",26
2022-03-08,"Cebu",9
2022-03-08,"Davao",51
2022-03-08,"Manila",9
2022-03-08,"Quezon",24
2022-03-09,"Cebu",8
2022-03-09,"Davao",24
2022-03-09,"Manila",7
2022-03-09,"Quezon",28
2022-03-10,"Cebu",21
2022-03-10,"Davao",33
2022-03-10,"Manila",7
2022-03-10,"Quezon",23
2022-03-11,"Cebu",17
2022-03-11,"Davao",23
2022-03-11,"Manila",10
2022-03-11,"Quezon",30
2022-03-12,"Cebu",13
2022-03-12,"Davao",43
2022-03-12,"Manila",2
2022-03-12,"Quezon",36
2022-03-13,"Cebu",12
2022-03-13,"Davao",46
2022-03-13,"Manila",9
2022-03-13,"Quezon",20
2022-03-14,"Cebu",34
2022-03-14,"Davao",36
2022-03-14,"Manila",9
2022-03-14,"Quezon",20
2022-03-15,"Cebu",7
2022-03-15,"Davao",14
2022-03-15,"Manila",8
2022-03-15,"Quezon",23
2022-03-16,"Cebu",8
2022-03-16,"Davao",15
2022-03-16,"Manila",2
2022-03-16,"Quezon",17
2022-03-17,"Cebu",13
2022-03-17,"Davao",32
2022-03-17,"Manila",10
2022-03-17,"Quezon",25
2022-03-18,"Cebu",22
2022-03-18,"Davao",31
2022-03-18,"Manila",13
2022-03-18,"Quezon",18
2022-03-19,"Cebu",13
2022-03-19,"Davao",32
2022-03-19,"Manila",8
2022-03-19,"Quezon",24
2022-03-20,"Cebu",17
2022-03-20,"Davao",26
2022-03-20,"Manila",11
2022-03-20,"Quezon",26
2022-03-21,"Cebu",19
2022-03-21,"Davao",20
2022-03-21,"Manila",11
2022-03-21,"Quezon",19
2022-03-22,"Cebu",9
2022-03-22,"Davao",21
2022-03-22,"Manila",3
2022-03-22,"Quezon",14
2022-03-23,"Cebu",10
2022-03-23,"Davao",15
2022-03-23,"Manila",5
2022-03-23,"Quezon",20
2022-03-24,"Cebu",21
2022-03-24,"Davao",24
2022-03-24,"Manila",4
2022-03-24,"Quezon",19
2022-03-25,"Cebu",8
2022-03-25,"Davao",20
2022-03-25,"Manila",7
2022-03-25,"Quezon",19
2022-03-26,"Cebu",12
2022-03-26,"Davao",30
2022-03-26,"Manila",12
2022-03-26,"Quezon",22
2022-03-27,"Cebu",10
2022-03-27,"Davao",20
2022-03-27,"Manila",6
2022-03-27,"Quezon",14
2022-03-28,"Cebu",5
2022-03-28,"Davao",26
2022-03-28,"Manila",2
2022-03-28,"Quezon",18
2022-03-29,"Cebu",1
2022-03-29,"Davao",6
2022-03-29,"Manila",4
2022-03-29,"Quezon",11
2022-03-30,"Cebu",3
2022-03-30,"Davao",20
2022-03-30,"Manila",4
2022-03-30,"Quezon",24
2022-03-31,"Cebu",8
2022-03-31,"Davao",33
2022-03-31,"Manila",5
2022-03-31,"Quezon",18
2022-04-01,"Cebu",11
2022-04-01,"Davao",18
2022-04-01,"Manila",5
2022-04-01,"Quezon",21
2022-04-02,"Cebu",8
2022-04-02,"Davao",27
2022-04-02,"Manila",4
2022-04-02,"Quezon",18
2022-04-03,"Cebu",13
2022-04-03,"Davao",47
2022-04-03,"Manila",13
2022-04-03,"Quezon",60
2022-04-04,"Cebu",6
2022-04-04,"Davao",16
2022-04-04,"Manila",1
2022-04-04,"Quezon",9
2022-04-05,"Cebu",3
2022-04-05,"Davao",15
2022-04-05,"Manila",5
2022-04-05,"Quezon",22
2022-04-06,"Cebu",3
2022-04-06,"Davao",12
2022-04-06,"Manila",2
2022-04-06,"Quezon",9
2022-04-07,"Cebu",2
2022-04-07,"Davao",24
2022-04-07,"Manila",3
2022-04-07,"Quezon",13
2022-04-08,"Cebu",7
2022-04-08,"Davao",14
2022-04-08,"Manila",1
2022-04-08,"Quezon",14
2022-04-09,"Cebu",1
2022-04-09,"Davao",18
2022-04-09,"Manila",19
2022-04-09,"Quezon",11
2022-04-10,"Cebu",3
2022-04-10,"Davao",13
2022-04-10,"Manila",1
2022-04-10,"Quezon",10
2022-04-11,"Cebu",6
2022-04-11,"Davao",13
2022-04-11,"Manila",12
2022-04-11,"Quezon",13
2022-04-12,"Cebu",1
2022-04-12,"Davao",13
2022-04-12,"Manila",7
2022-04-12,"Quezon",9
2022-04-13,"Cebu",3
2022-04-13,"Davao",7
2022-04-13,"Manila",9
2022-04-13,"Quezon",4
2022-04-14,"Cebu",3
2022-04-14,"Davao",23
2022-04-14,"Manila",11
2022-04-14,"Quezon",23
2022-04-15,"Cebu",3
2022-04-15,"Davao",15
2022-04-15,"Manila",4
2022-04-15,"Quezon",17
2022-04-16,"Cebu",2
2022-04-16,"Davao",12
2022-04-16,"Manila",8
2022-04-16,"Quezon",9
2022-04-17,"Cebu",3
2022-04-17,"Davao",13
2022-04-17,"Manila",1
2022-04-17,"Quezon",12
2022-04-18,"Davao",9
2022-04-18,"Manila",3
2022-04-18,"Quezon",11
2022-04-19,"Cebu",1
2022-04-19,"Davao",6
2022-04-19,"Manila",14
2022-04-19,"Quezon",5
2022-04-20,"Cebu",6
2022-04-20,"Davao",18
2022-04-20,"Manila",5
2022-04-20,"Quezon",15
2022-04-21,"Davao",7
2022-04-21,"Manila",3
2022-04-21,"Quezon",10
2022-04-22,"Cebu",1
2022-04-22,"Davao",20
2022-04-22,"Manila",3
2022-04-22,"Quezon",12
2022-04-23,"Cebu",4
2022-04-23,"Davao",11
2022-04-23,"Manila",8
2022-04-23,"Quezon",12
2022-04-24,"Cebu",2
2022-04-24,"Davao",16
2022-04-24,"Manila",1
2022-04-24,"Quezon",15
2022-04-25,"Davao",19
2022-04-25,"Manila",5
2022-04-25,"Quezon",10
2022-04-26,"Cebu",2
2022-04-26,"Davao",6
2022-04-26,"Manila",2
2022-04-26,"Quezon",3
2022-04-27,"Cebu",6
2022-04-27,"Davao",5
2022-04-27,"Manila",6
2022-04-27,"Quezon",40
2022-04-28,"Cebu",8
2022-04-28,"Davao",13
2022-04-28,"Quezon",11
2022-04-29,"Cebu",3
2022-04-29,"Davao",10
2022-04-29,"Manila",3
2022-04-29,"Quezon",22
2022-04-30,"Cebu",4
2022-04-30,"Davao",26
2022-04-30,"Manila",5
2022-04-30,"Quezon",12
2022-05-01,"Cebu",4
2022-05-01,"Davao",10
2022-05-01,"Manila",2
2022-05-01,"Quezon",12
2022-05-02,"Cebu",4
2022-05-02,"Davao",11
2022-05-02,"Manila",1
2022-05-02,"Quezon",8
2022-05-03,"Davao",14
2022-05-03,"Manila",1
2022-05-03,"Quezon",7
2022-05-04,"Davao",10
2022-05-04,"Manila",5
2022-05-04,"Quezon",5
2022-05-05,"Cebu",2
2022-05-05,"Davao",8
2022-05-05,"Manila",2
2022-05-05,"Quezon",14
2022-05-06,"Cebu",1
2022-05-06,"Davao",13
2022-05-06,"Quezon",11
2022-05-07,"Cebu",3
2022-05-07,"Davao",19
2022-05-07,"Manila",2
2022-05-07,"Quezon",13
2022-05-08,"Cebu",6
2022-05-08,"Davao",11
2022-05-08,"Manila",1
2022-05-08,"Quezon",4
2022-05-09,"Cebu",1
2022-05-09,"Davao",14
2022-05-09,"Manila",1
2022-05-09,"Quezon",9
2022-05-10,"Cebu",2
2022-05-10,"Davao",8
2022-05-10,"Manila",1
2022-05-10,"Quezon",11
2022-05-11,"Davao",7
2022-05-11,"Manila",1
2022-05-11,"Quezon",9
2022-05-12,"Cebu",1
2022-05-12,"Davao",6
2022-05-12,"Manila",1
2022-05-12,"Quezon",9
2022-05-13,"Cebu",1
2022-05-13,"Davao",14
2022-05-13,"Manila",1
2022-05-13,"Quezon",14
2022-05-14,"Davao",17
2022-05-14,"Manila",1
2022-05-14,"Quezon",16
2022-05-15,"Cebu",1
2022-05-15,"Davao",15
2022-05-15,"Manila",1
2022-05-15,"Quezon",9
2022-05-16,"Cebu",3
2022-05-16,"Davao",9
2022-05-16,"Manila",4
2022-05-16,"Quezon",15
2022-05-17,"Cebu",1
2022-05-17,"Davao",6
2022-05-17,"Manila",3
2022-05-17,"Quezon",19
2022-05-18,"Davao",5
2022-05-18,"Manila",1
2022-05-18,"Quezon",10
2022-05-19,"Cebu",1
2022-05-19,"Davao",8
2022-05-19,"Manila",2
2022-05-19,"Quezon",17
2022-05-20,"Cebu",4
2022-05-20,"Davao",13
2022-05-20,"Manila",3
2022-05-20,"Quezon",27
2022-05-21,"Cebu",3
2022-05-21,"Davao",22
2022-05-21,"Manila",3
2022-05-21,"Quezon",23
2022-05-22,"Cebu",3
2022-05-22,"Davao",3
2022-05-22,"Manila",4
2022-05-22,"Quezon",10
2022-05-23,"Cebu",2
2022-05-23,"Davao",16
2022-05-23,"Manila",6
2022-05-23,"Quezon",12
2022-05-24,"Davao",11
2022-05-24,"Manila",2
2022-05-24,"Quezon",4
2022-05-25,"Davao",9
2022-05-25,"Manila",2
2022-05-25,"Quezon",12
2022-05-26,"Cebu",2
2022-05-26,"Davao",5
2022-05-26,"Manila",3
2022-05-26,"Quezon",11
2022-05-27,"Cebu",1
2022-05-27,"Davao",10
2022-05-27,"Manila",7
2022-05-27,"Quezon",20
2022-05-28,"Cebu",3
2022-05-28,"Davao",22
2022-05-28,"Manila",1
2022-05-28,"Quezon",8
2022-05-29,"Cebu",2
2022-05-29,"Davao",11
2022-05-29,"Quezon",10
2022-05-30,"Davao",15
2022-05-30,"Manila",2
2022-05-30,"Quezon",15
2022-05-31,"Cebu",3
2022-05-31,"Davao",8
2022-05-31,"Manila",2
2022-05-31,"Quezon",13
2022-06-01,"Davao",9
2022-06-01,"Manila",1
2022-06-01,"Quezon",11
2022-06-02,"Cebu",1
2022-06-02,"Davao",14
2022-06-02,"Manila",7
2022-06-02,"Quezon",9
2022-06-03,"Cebu",2
2022-06-03,"Davao",12
2022-06-03,"Manila",1
2022-06-03,"Quezon",18
2022-06-04,"Cebu",2
2022-06-04,"Davao",12
2022-06-04,"Manila",1
2022-06-04,"Quezon",6
2022-06-05,"Cebu",1
2022-06-05,"Davao",16
2022-06-05,"Manila",8
2022-06-05,"Quezon",23
2022-06-06,"Cebu",2
2022-06-06,"Davao",13
2022-06-06,"Manila",1
2022-06-06,"Quezon",17
2022-06-07,"Cebu",2
2022-06-07,"Davao",7
2022-06-07,"Manila",1
2022-06-07,"Quezon",22
2022-06-08,"Cebu",3
2022-06-08,"Davao",7
2022-06-08,"Manila",5
2022-06-08,"Quezon",16
2022-06-09,"Cebu",4
2022-06-09,"Davao",23
2022-06-09,"Manila",11
2022-06-09,"Quezon",34
2022-06-10,"Cebu",5
2022-06-10,"Davao",16
2022-06-10,"Manila",6
2022-06-10,"Quezon",32
2022-06-11,"Cebu",5
2022-06-11,"Davao",23
2022-06-11,"Manila",8
2022-06-11,"Quezon",36
2022-06-12,"Cebu",11
2022-06-12,"Davao",21
2022-06-12,"Manila",5
2022-06-12,"Quezon",36
2022-06-13,"Cebu",5
2022-06-13,"Davao",29
2022-06-13,"Manila",4
2022-06-13,"Quezon",49
2022-06-14,"Cebu",5
2022-06-14,"Davao",19
2022-06-14,"Manila",1
2022-06-14,"Quezon",17
2022-06-15,"Cebu",4
2022-06-15,"Davao",9
2022-06-15,"Manila",7
2022-06-15,"Quezon",23
2022-06-16,"Cebu",1
2022-06-16,"Davao",20
2022-06-16,"Manila",5
2022-06-16,"Quezon",43
2022-06-17,"Cebu",14
2022-06-17,"Davao",38
2022-06-17,"Manila",7
2022-06-17,"Quezon",64
2022-06-18,"Cebu",5
2022-06-18,"Davao",33
2022-06-18,"Manila",5
2022-06-18,"Quezon",67
2022-06-19,"Cebu",15
2022-06-19,"Davao",31
2022-06-19,"Manila",4
2022-06-19,"Quezon",69
2022-06-20,"Cebu",7
2022-06-20,"Davao",35
2022-06-20,"Manila",6
2022-06-20,"Quezon",58
2022-06-21,"Cebu",10
2022-06-21,"Davao",26
2022-06-21,"Manila",7
2022-06-21,"Quezon",66
2022-06-22,"Cebu",7
2022-06-22,"Davao",43
2022-06-22,"Manila",9
2022-06-22,"Quezon",64
2022-06-23,"Cebu",14
2022-06-23,"Davao",46
2022-06-23,"Manila",9
2022-06-23,"Quezon",62
2022-06-24,"Cebu",16
2022-06-24,"Davao",52
2022-06-24,"Manila",8
2022-06-24,"Quezon",77
2022-06-25,"Cebu",23
2022-06-25,"Davao",52
2022-06-25,"Manila",11
2022-06-25,"Quezon",74
2022-06-26,"Cebu",21
2022-06-26,"Davao",46
2022-06-26,"Manila",12
2022-06-26,"Quezon",60
2022-06-27,"Cebu",18
2022-06-27,"Davao",55
2022-06-27,"Manila",18
2022-06-27,"Quezon",103
2022-06-28,"Cebu",15
2022-06-28,"Davao",39
2022-06-28,"Manila",18
2022-06-28,"Quezon",47
2022-06-29,"Cebu",12
2022-06-29,"Davao",46
2022-06-29,"Manila",7
2022-06-29,"Quezon",78
2022-06-30,"Cebu",20
2022-06-30,"Davao",75
2022-06-30,"Manila",14
2022-06-30,"Quezon",150
2022-07-01,"Cebu",27
2022-07-01,"Davao",78
2022-07-01,"Manila",15
2022-07-01,"Quezon",141
2022-07-02,"Cebu",25
2022-07-02,"Davao",83
2022-07-02,"Manila",13
2022-07-02,"Quezon",139
2022-07-03,"Cebu",27
2022-07-03,"Davao",99
2022-07-03,"Manila",17
2022-07-03,"Quezon",142
2022-07-04,"Cebu",32
2022-07-04,"Davao",79
2022-07-04,"Manila",13
2022-07-04,"Quezon",126
2022-07-05,"Cebu",8
2022-07-05,"Davao",51
2022-07-05,"Manila",20
2022-07-05,"Quezon",71
2022-07-06,"Cebu",8
2022-07-06,"Davao",63
2022-07-06,"Manila",18
2022-07-06,"Quezon",90
2022-07-07,"Cebu",30
2022-07-07,"Davao",112
2022-07-07,"Manila",26
2022-07-07,"Quezon",155
2022-07-08,"Cebu",24
2022-07-08,"Davao",81
2022-07-08,"Manila",17
2022-07-08,"Quezon",135
2022-07-09,"Cebu",24
2022-07-09,"Davao",86
2022-07-09,"Manila",23
2022-07-09,"Quezon",153
2022-07-10,"Cebu",42
2022-07-10,"Davao",94
2022-07-10,"Manila",25
2022-07-10,"Quezon",152
2022-07-11,"Cebu",25
2022-07-11,"Davao",96
2022-07-11,"Manila",21
2022-07-11,"Quezon",148
2022-07-12,"Cebu",34
2022-07-12,"Davao",69
2022-07-12,"Manila",12
2022-07-12,"Quezon",121
2022-07-13,"Cebu",15
2022-07-13,"Davao",73
2022-07-13,"Manila",33
2022-07-13,"Quezon",111
2022-07-14,"Cebu",71
2022-07-14,"Davao",119
2022-07-14,"Manila",41
2022-07-14,"Quezon",170
2022-07-15,"Cebu",45
2022-07-15,"Davao",112
2022-07-15,"Manila",23
2022-07-15,"Quezon",180
2022-07-16,"Cebu",49
2022-07-16,"Davao",113
2022-07-16,"Manila",48
2022-07-16,"Quezon",202
2022-07-17,"Cebu",53
2022-07-17,"Davao",100
2022-07-17,"Manila",46
2022-07-17,"Quezon",197
2022-07-18,"Cebu",47
2022-07-18,"Davao",89
2022-07-18,"Manila",30
2022-07-18,"Quezon",232
2022-07-19,"Cebu",33
2022-07-19,"Davao",101
2022-07-19,"Manila",31
2022-07-19,"Quezon",185
2022-07-20,"Cebu",53
2022-07-20,"Davao",97
2022-07-20,"Manila",19
2022-07-20,"Quezon",148
2022-07-21,"Cebu",88
2022-07-21,"Davao",112
2022-07-21,"Manila",26
2022-07-21,"Quezon",215
2022-07-22,"Cebu",82
2022-07-22,"Davao",143
2022-07-22,"Manila",43
2022-07-22,"Quezon",219
2022-07-23,"Cebu",57
2022-07-23,"Davao",159
2022-07-23,"Manila",45
2022-07-23,"Quezon",274
2022-07-24,"Cebu",74
2022-07-24,"Davao",140
2022-07-24,"Manila",55
2022-07-24,"Quezon",285
2022-07-25,"Cebu",61
2022-07-25,"Davao",110
2022-07-25,"Manila",47
2022-07-25,"Quezon",222
2022-07-26,"Cebu",30
2022-07-26,"Davao",112
2022-07-26,"Manila",20
2022-07-26,"Quezon",180
2022-07-27,"Cebu",38
2022-07-27,"Davao",112
2022-07-27,"Manila",24
2022-07-27,"Quezon",172
2022-07-28,"Cebu",94
2022-07-28,"Davao",138
2022-07-28,"Manila",51
2022-07-28,"Quezon",222
2022-07-29,"Cebu",98
2022-07-29,"Davao",155
2022-07-29,"Manila",75
2022-07-29,"Quezon",320
2022-07-30,"Cebu",71
2022-07-30,"Davao",155
2022-07-30,"Manila",79
2022-07-30,"Quezon",277
